/home/ramdisk/experiment6/projects/databus/revisions/rev_3744018_5eec32f/rev_3744018-5eec32f/databus2-relay/databus2-relay-impl/src/test/java/com/linkedin/databus2/relay/TestDatabusRelayMain.java;NONE
/home/ramdisk/experiment6/projects/databus/revisions/rev_bf4c533_0afcc46/rev_bf4c533-0afcc46/databus-client/databus-client-http/src/main/java/com/linkedin/databus/client/ChunkedBodyReadableByteChannel.java;NONE
/home/ramdisk/experiment6/projects/databus/revisions/rev_bf4c533_0afcc46/rev_bf4c533-0afcc46/databus-client/databus-client-http/src/test/java/com/linkedin/databus/client/TestChunkedBodyReadableByteChannel.java;MINE
/home/ramdisk/experiment6/projects/databus/revisions/rev_378fe05_120c5f8/rev_378fe05-120c5f8/databus-bootstrap-common/databus-bootstrap-common-impl/src/main/java/com/linkedin/databus/bootstrap/common/BootstrapDBCleanerQueryExecutor.java;NONE
/home/ramdisk/experiment6/projects/databus/revisions/rev_378fe05_120c5f8/rev_378fe05-120c5f8/databus-bootstrap-common/databus-bootstrap-common-impl/src/main/java/com/linkedin/databus/bootstrap/common/BootstrapDBCleanerQueryExecutor.java;NONE
/home/ramdisk/experiment6/projects/databus/revisions/rev_378fe05_120c5f8/rev_378fe05-120c5f8/databus-bootstrap-common/databus-bootstrap-common-impl/src/main/java/com/linkedin/databus/bootstrap/common/BootstrapReadOnlyConfig.java;NONE
/home/ramdisk/experiment6/projects/databus/revisions/rev_378fe05_120c5f8/rev_378fe05-120c5f8/databus-bootstrap-common/databus-bootstrap-common-impl/src/main/java/com/linkedin/databus/bootstrap/common/BootstrapDBCleaner.java;NONE
/home/ramdisk/experiment6/projects/databus/revisions/rev_378fe05_120c5f8/rev_378fe05-120c5f8/databus-bootstrap-common/databus-bootstrap-common-impl/src/main/java/com/linkedin/databus/bootstrap/common/BootstrapDBCleaner.java;NONE
/home/ramdisk/experiment6/projects/databus/revisions/rev_378fe05_120c5f8/rev_378fe05-120c5f8/databus-bootstrap-common/databus-bootstrap-common-impl/src/main/java/com/linkedin/databus/bootstrap/common/BootstrapDBCleaner.java;NONE
/home/ramdisk/experiment6/projects/databus/revisions/rev_378fe05_120c5f8/rev_378fe05-120c5f8/databus-bootstrap-common/databus-bootstrap-common-impl/src/main/java/com/linkedin/databus/bootstrap/common/BootstrapDBCleaner.java;NONE
/home/ramdisk/experiment6/projects/databus/revisions/rev_378fe05_120c5f8/rev_378fe05-120c5f8/databus-bootstrap-common/databus-bootstrap-common-impl/src/main/java/com/linkedin/databus/bootstrap/common/BootstrapDBCleaner.java;NONE
/home/ramdisk/experiment6/projects/databus/revisions/rev_378fe05_120c5f8/rev_378fe05-120c5f8/databus-bootstrap-common/databus-bootstrap-common-impl/src/main/java/com/linkedin/databus/bootstrap/common/BootstrapDBCleaner.java;NONE
/home/ramdisk/experiment6/projects/databus/revisions/rev_378fe05_120c5f8/rev_378fe05-120c5f8/databus-bootstrap-common/databus-bootstrap-common-impl/src/main/java/com/linkedin/databus/bootstrap/common/BootstrapDBCleaner.java;NONE
/home/ramdisk/experiment6/projects/databus/revisions/rev_378fe05_120c5f8/rev_378fe05-120c5f8/databus-bootstrap-common/databus-bootstrap-common-impl/src/main/java/com/linkedin/databus/bootstrap/common/BootstrapDBCleaner.java;NONE
/home/ramdisk/experiment6/projects/databus/revisions/rev_378fe05_120c5f8/rev_378fe05-120c5f8/databus-bootstrap-common/databus-bootstrap-common-impl/src/main/java/com/linkedin/databus/bootstrap/common/BootstrapDBCleaner.java;NONE
/home/ramdisk/experiment6/projects/databus/revisions/rev_378fe05_120c5f8/rev_378fe05-120c5f8/databus-bootstrap-common/databus-bootstrap-common-impl/src/main/java/com/linkedin/databus/bootstrap/common/BootstrapDBCleaner.java;NONE
/home/ramdisk/experiment6/projects/databus/revisions/rev_378fe05_120c5f8/rev_378fe05-120c5f8/databus-bootstrap-common/databus-bootstrap-common-impl/src/main/java/com/linkedin/databus/bootstrap/common/BootstrapDBCleaner.java;NONE
/home/ramdisk/experiment6/projects/databus/revisions/rev_378fe05_120c5f8/rev_378fe05-120c5f8/databus-bootstrap-common/databus-bootstrap-common-impl/src/main/java/com/linkedin/databus/bootstrap/common/BootstrapDBCleaner.java;NONE
/home/ramdisk/experiment6/projects/databus/revisions/rev_378fe05_120c5f8/rev_378fe05-120c5f8/databus-bootstrap-common/databus-bootstrap-common-impl/src/main/java/com/linkedin/databus/bootstrap/common/BootstrapDBCleaner.java;NONE
/home/ramdisk/experiment6/projects/databus/revisions/rev_378fe05_120c5f8/rev_378fe05-120c5f8/databus-bootstrap-common/databus-bootstrap-common-impl/src/main/java/com/linkedin/databus/bootstrap/common/BootstrapDBCleaner.java;NONE
/home/ramdisk/experiment6/projects/databus/revisions/rev_378fe05_120c5f8/rev_378fe05-120c5f8/databus-bootstrap-common/databus-bootstrap-common-impl/src/main/java/com/linkedin/databus/bootstrap/common/BootstrapDBCleaner.java;NONE
/home/ramdisk/experiment6/projects/databus/revisions/rev_378fe05_120c5f8/rev_378fe05-120c5f8/databus-bootstrap-common/databus-bootstrap-common-impl/src/main/java/com/linkedin/databus/bootstrap/common/BootstrapDBCleaner.java;NONE
/home/ramdisk/experiment6/projects/databus/revisions/rev_378fe05_120c5f8/rev_378fe05-120c5f8/databus-bootstrap-common/databus-bootstrap-common-impl/src/main/java/com/linkedin/databus/bootstrap/common/BootstrapDBCleaner.java;NONE
/home/ramdisk/experiment6/projects/databus/revisions/rev_378fe05_120c5f8/rev_378fe05-120c5f8/databus-bootstrap-common/databus-bootstrap-common-impl/src/main/java/com/linkedin/databus/bootstrap/common/BootstrapDBCleaner.java;NONE
/home/ramdisk/experiment6/projects/databus/revisions/rev_378fe05_120c5f8/rev_378fe05-120c5f8/databus-bootstrap-common/databus-bootstrap-common-impl/src/main/java/com/linkedin/databus/bootstrap/common/BootstrapDBCleaner.java;NONE
/home/ramdisk/experiment6/projects/databus/revisions/rev_378fe05_120c5f8/rev_378fe05-120c5f8/databus-bootstrap-common/databus-bootstrap-common-impl/src/main/java/com/linkedin/databus/bootstrap/common/BootstrapDBCleaner.java;NONE
/home/ramdisk/experiment6/projects/databus/revisions/rev_378fe05_120c5f8/rev_378fe05-120c5f8/databus-bootstrap-common/databus-bootstrap-common-impl/src/main/java/com/linkedin/databus/bootstrap/common/BootstrapDBCleaner.java;NONE
/home/ramdisk/experiment6/projects/databus/revisions/rev_378fe05_120c5f8/rev_378fe05-120c5f8/databus-bootstrap-common/databus-bootstrap-common-impl/src/main/java/com/linkedin/databus/bootstrap/common/BootstrapDBCleaner.java;NONE
/home/ramdisk/experiment6/projects/databus/revisions/rev_378fe05_120c5f8/rev_378fe05-120c5f8/databus-bootstrap-common/databus-bootstrap-common-impl/src/main/java/com/linkedin/databus/bootstrap/common/BootstrapDBCleaner.java;NONE
/home/ramdisk/experiment6/projects/databus/revisions/rev_378fe05_120c5f8/rev_378fe05-120c5f8/databus-bootstrap-common/databus-bootstrap-common-impl/src/main/java/com/linkedin/databus/bootstrap/common/BootstrapDBCleaner.java;NONE
/home/ramdisk/experiment6/projects/databus/revisions/rev_378fe05_120c5f8/rev_378fe05-120c5f8/databus-bootstrap-producer/databus-bootstrap-producer-impl/src/main/java/com/linkedin/databus/bootstrap/producer/DatabusBootstrapProducer.java;NONE
/home/ramdisk/experiment6/projects/databus/revisions/rev_378fe05_120c5f8/rev_378fe05-120c5f8/databus-bootstrap-producer/databus-bootstrap-producer-impl/src/main/java/com/linkedin/databus/bootstrap/producer/DatabusBootstrapProducer.java;NONE
/home/ramdisk/experiment6/projects/databus/revisions/rev_378fe05_120c5f8/rev_378fe05-120c5f8/databus-bootstrap-producer/databus-bootstrap-producer-impl/src/main/java/com/linkedin/databus/bootstrap/producer/DatabusBootstrapProducer.java;NONE
/home/ramdisk/experiment6/projects/databus/revisions/rev_378fe05_120c5f8/rev_378fe05-120c5f8/databus-bootstrap-producer/databus-bootstrap-producer-impl/src/main/java/com/linkedin/databus/bootstrap/producer/BootstrapDBDiskSpaceTriggerThread.java;NONE
/home/ramdisk/experiment6/projects/databus/revisions/rev_378fe05_120c5f8/rev_378fe05-120c5f8/databus-bootstrap-producer/databus-bootstrap-producer-impl/src/main/java/com/linkedin/databus/bootstrap/producer/BootstrapApplierThread.java;NONE
/home/ramdisk/experiment6/projects/databus/revisions/rev_378fe05_120c5f8/rev_378fe05-120c5f8/databus-bootstrap-producer/databus-bootstrap-producer-impl/src/main/java/com/linkedin/databus/bootstrap/producer/BootstrapApplierThread.java;NONE
/home/ramdisk/experiment6/projects/databus/revisions/rev_378fe05_120c5f8/rev_378fe05-120c5f8/databus-bootstrap-producer/databus-bootstrap-producer-impl/src/main/java/com/linkedin/databus/bootstrap/producer/BootstrapApplierThread.java;NONE
/home/ramdisk/experiment6/projects/databus/revisions/rev_378fe05_120c5f8/rev_378fe05-120c5f8/databus-bootstrap-producer/databus-bootstrap-producer-impl/src/main/java/com/linkedin/databus/bootstrap/producer/BootstrapDBPeriodicTriggerThread.java;NONE
/home/ramdisk/experiment6/projects/databus/revisions/rev_378fe05_120c5f8/rev_378fe05-120c5f8/databus-core/databus-core-impl/src/main/java/com/linkedin/databus/core/test/DbusEventAppender.java;NONE
/home/ramdisk/experiment6/projects/databus/revisions/rev_378fe05_120c5f8/rev_378fe05-120c5f8/databus-core/databus-core-impl/src/main/java/com/linkedin/databus/core/test/DbusEventAppender.java;NONE
/home/ramdisk/experiment6/projects/databus/revisions/rev_378fe05_120c5f8/rev_378fe05-120c5f8/databus-core/databus-core-impl/src/main/java/com/linkedin/databus/core/test/DbusEventAppender.java;NONE
/home/ramdisk/experiment6/projects/databus/revisions/rev_378fe05_120c5f8/rev_378fe05-120c5f8/databus-core/databus-core-impl/src/main/java/com/linkedin/databus/core/Checkpoint.java;NONE
/home/ramdisk/experiment6/projects/databus/revisions/rev_378fe05_120c5f8/rev_378fe05-120c5f8/databus-core/databus-core-impl/src/main/java/com/linkedin/databus/core/Checkpoint.java;NONE
/home/ramdisk/experiment6/projects/databus/revisions/rev_378fe05_120c5f8/rev_378fe05-120c5f8/databus-core/databus-core-impl/src/main/java/com/linkedin/databus/core/Checkpoint.java;NONE
/home/ramdisk/experiment6/projects/databus/revisions/rev_378fe05_120c5f8/rev_378fe05-120c5f8/databus-core/databus-core-impl/src/main/java/com/linkedin/databus/core/Checkpoint.java;NONE
/home/ramdisk/experiment6/projects/databus/revisions/rev_378fe05_120c5f8/rev_378fe05-120c5f8/databus-core/databus-core-impl/src/main/java/com/linkedin/databus/core/Checkpoint.java;NONE
/home/ramdisk/experiment6/projects/databus/revisions/rev_378fe05_120c5f8/rev_378fe05-120c5f8/databus-core/databus-core-impl/src/main/java/com/linkedin/databus2/relay/config/PhysicalSourceStaticConfig.java;NONE
/home/ramdisk/experiment6/projects/databus/revisions/rev_378fe05_120c5f8/rev_378fe05-120c5f8/databus-client/databus-client-common/src/main/java/com/linkedin/databus/client/consumer/LoggingConsumer.java;NONE
/home/ramdisk/experiment6/projects/databus/revisions/rev_378fe05_120c5f8/rev_378fe05-120c5f8/databus-client/databus-client-common/src/main/java/com/linkedin/databus/client/consumer/LoggingConsumer.java;NONE
/home/ramdisk/experiment6/projects/databus/revisions/rev_378fe05_120c5f8/rev_378fe05-120c5f8/databus-client/databus-client-common/src/main/java/com/linkedin/databus/client/consumer/MultiConsumerCallback.java;NONE
/home/ramdisk/experiment6/projects/databus/revisions/rev_378fe05_120c5f8/rev_378fe05-120c5f8/databus-client/databus-client-common/src/main/java/com/linkedin/databus/client/consumer/MultiConsumerCallback.java;NONE
/home/ramdisk/experiment6/projects/databus/revisions/rev_378fe05_120c5f8/rev_378fe05-120c5f8/databus-client/databus-client-common/src/main/java/com/linkedin/databus/client/consumer/MultiConsumerCallback.java;NONE
/home/ramdisk/experiment6/projects/databus/revisions/rev_378fe05_120c5f8/rev_378fe05-120c5f8/databus-client/databus-client-common/src/test/java/com/linkedin/databus/client/consumer/TestMultiConsumerCallback.java;NONE
/home/ramdisk/experiment6/projects/databus/revisions/rev_378fe05_120c5f8/rev_378fe05-120c5f8/databus-client/databus-client-common/src/test/java/com/linkedin/databus/client/consumer/TestMultiConsumerCallback.java;NONE
/home/ramdisk/experiment6/projects/databus/revisions/rev_378fe05_120c5f8/rev_378fe05-120c5f8/databus-client/databus-client-common/src/test/java/com/linkedin/databus/client/consumer/TestMultiConsumerCallback.java;NONE
/home/ramdisk/experiment6/projects/databus/revisions/rev_378fe05_120c5f8/rev_378fe05-120c5f8/databus-client/databus-client-http/src/main/java/com/linkedin/databus/client/registration/DatabusV2RegistrationImpl.java;NONE
/home/ramdisk/experiment6/projects/databus/revisions/rev_378fe05_120c5f8/rev_378fe05-120c5f8/databus-client/databus-client-http/src/main/java/com/linkedin/databus/client/registration/DatabusV2RegistrationImpl.java;NONE
/home/ramdisk/experiment6/projects/databus/revisions/rev_378fe05_120c5f8/rev_378fe05-120c5f8/databus-client/databus-client-http/src/main/java/com/linkedin/databus/client/generic/SimpleFileLoggingConsumer.java;NONE
/home/ramdisk/experiment6/projects/databus/revisions/rev_378fe05_120c5f8/rev_378fe05-120c5f8/databus-client/databus-client-http/src/main/java/com/linkedin/databus/client/generic/SimpleFileLoggingConsumer.java;NONE
/home/ramdisk/experiment6/projects/databus/revisions/rev_378fe05_120c5f8/rev_378fe05-120c5f8/databus-client/databus-client-http/src/main/java/com/linkedin/databus/client/generic/SimpleFileLoggingConsumer.java;NONE
/home/ramdisk/experiment6/projects/databus/revisions/rev_378fe05_120c5f8/rev_378fe05-120c5f8/databus-client/databus-client-http/src/main/java/com/linkedin/databus/client/generic/DatabusFileLoggingConsumer.java;NONE
/home/ramdisk/experiment6/projects/databus/revisions/rev_378fe05_120c5f8/rev_378fe05-120c5f8/databus-client/databus-client-http/src/main/java/com/linkedin/databus/client/generic/DatabusFileLoggingConsumer.java;NONE
/home/ramdisk/experiment6/projects/databus/revisions/rev_378fe05_120c5f8/rev_378fe05-120c5f8/databus-client/databus-client-http/src/main/java/com/linkedin/databus/client/generic/DatabusFileLoggingConsumer.java;NONE
/home/ramdisk/experiment6/projects/databus/revisions/rev_378fe05_120c5f8/rev_378fe05-120c5f8/databus-client/databus-client-http/src/main/java/com/linkedin/databus/client/generic/DatabusFileLoggingConsumer.java;NONE
/home/ramdisk/experiment6/projects/databus/revisions/rev_378fe05_120c5f8/rev_378fe05-120c5f8/databus-client/databus-client-http/src/main/java/com/linkedin/databus/client/generic/DatabusFileLoggingConsumer.java;NONE
/home/ramdisk/experiment6/projects/databus/revisions/rev_378fe05_120c5f8/rev_378fe05-120c5f8/databus-client/databus-client-http/src/main/java/com/linkedin/databus/client/generic/DatabusFileLoggingConsumer.java;NONE
/home/ramdisk/experiment6/projects/databus/revisions/rev_378fe05_120c5f8/rev_378fe05-120c5f8/databus-client/databus-client-http/src/main/java/com/linkedin/databus/client/generic/DatabusFileLoggingConsumer.java;NONE
/home/ramdisk/experiment6/projects/databus/revisions/rev_378fe05_120c5f8/rev_378fe05-120c5f8/databus-client/databus-client-http/src/main/java/com/linkedin/databus/client/generic/DatabusFileLoggingConsumer.java;NONE
/home/ramdisk/experiment6/projects/databus/revisions/rev_378fe05_120c5f8/rev_378fe05-120c5f8/databus-client/databus-client-http/src/main/java/com/linkedin/databus/client/generic/DatabusFileLoggingConsumer.java;NONE
/home/ramdisk/experiment6/projects/databus/revisions/rev_378fe05_120c5f8/rev_378fe05-120c5f8/databus-client/databus-client-http/src/main/java/com/linkedin/databus/client/generic/DatabusFileLoggingConsumer.java;NONE
/home/ramdisk/experiment6/projects/databus/revisions/rev_378fe05_120c5f8/rev_378fe05-120c5f8/databus-client/databus-client-http/src/main/java/com/linkedin/databus/client/generic/DatabusFileLoggingConsumer.java;NONE
/home/ramdisk/experiment6/projects/databus/revisions/rev_378fe05_120c5f8/rev_378fe05-120c5f8/databus-client/databus-client-http/src/main/java/com/linkedin/databus/client/generic/DatabusFileLoggingConsumer.java;NONE
/home/ramdisk/experiment6/projects/databus/revisions/rev_378fe05_120c5f8/rev_378fe05-120c5f8/databus-client/databus-client-http/src/main/java/com/linkedin/databus/client/generic/DatabusFileLoggingConsumer.java;NONE
/home/ramdisk/experiment6/projects/databus/revisions/rev_378fe05_120c5f8/rev_378fe05-120c5f8/databus-client/databus-client-http/src/main/java/com/linkedin/databus/client/generic/DatabusFileLoggingConsumer.java;NONE
/home/ramdisk/experiment6/projects/databus/revisions/rev_378fe05_120c5f8/rev_378fe05-120c5f8/databus-client/databus-client-http/src/main/java/com/linkedin/databus/client/generic/DatabusFileLoggingConsumer.java;NONE
/home/ramdisk/experiment6/projects/databus/revisions/rev_378fe05_120c5f8/rev_378fe05-120c5f8/databus-client/databus-client-http/src/main/java/com/linkedin/databus/client/generic/DatabusFileLoggingConsumer.java;NONE
/home/ramdisk/experiment6/projects/databus/revisions/rev_378fe05_120c5f8/rev_378fe05-120c5f8/databus-client/databus-client-http/src/main/java/com/linkedin/databus/client/generic/DatabusFileLoggingConsumer.java;NONE
/home/ramdisk/experiment6/projects/databus/revisions/rev_378fe05_120c5f8/rev_378fe05-120c5f8/databus-client/databus-client-http/src/main/java/com/linkedin/databus/client/generic/DatabusFileLoggingConsumer.java;NONE
/home/ramdisk/experiment6/projects/databus/revisions/rev_378fe05_120c5f8/rev_378fe05-120c5f8/databus-client/databus-client-http/src/main/java/com/linkedin/databus/client/generic/DatabusFileLoggingConsumer.java;NONE
/home/ramdisk/experiment6/projects/databus/revisions/rev_378fe05_120c5f8/rev_378fe05-120c5f8/databus-client/databus-client-http/src/main/java/com/linkedin/databus/client/generic/DatabusFileLoggingConsumer.java;NONE
/home/ramdisk/experiment6/projects/databus/revisions/rev_378fe05_120c5f8/rev_378fe05-120c5f8/databus-client/databus-client-http/src/main/java/com/linkedin/databus/client/generic/DatabusFileLoggingConsumer.java;NONE
/home/ramdisk/experiment6/projects/databus/revisions/rev_378fe05_120c5f8/rev_378fe05-120c5f8/databus-client/databus-client-http/src/main/java/com/linkedin/databus/client/generic/DatabusFileLoggingConsumer.java;NONE
/home/ramdisk/experiment6/projects/databus/revisions/rev_378fe05_120c5f8/rev_378fe05-120c5f8/databus-client/databus-client-http/src/main/java/com/linkedin/databus/client/generic/DatabusFileLoggingConsumer.java;NONE
/home/ramdisk/experiment6/projects/databus/revisions/rev_378fe05_120c5f8/rev_378fe05-120c5f8/databus-client/databus-client-http/src/main/java/com/linkedin/databus/client/generic/DatabusFileLoggingConsumer.java;NONE
/home/ramdisk/experiment6/projects/databus/revisions/rev_378fe05_120c5f8/rev_378fe05-120c5f8/databus-client/databus-client-http/src/main/java/com/linkedin/databus/client/generic/DatabusFileLoggingConsumer.java;NONE
/home/ramdisk/experiment6/projects/databus/revisions/rev_378fe05_120c5f8/rev_378fe05-120c5f8/databus-client/databus-client-http/src/main/java/com/linkedin/databus/client/generic/DatabusFileLoggingConsumer.java;NONE
/home/ramdisk/experiment6/projects/databus/revisions/rev_378fe05_120c5f8/rev_378fe05-120c5f8/databus-client/databus-client-http/src/main/java/com/linkedin/databus/client/generic/DatabusFileLoggingConsumer.java;NONE
/home/ramdisk/experiment6/projects/databus/revisions/rev_378fe05_120c5f8/rev_378fe05-120c5f8/databus-client/databus-client-http/src/main/java/com/linkedin/databus/client/generic/DatabusFileLoggingConsumer.java;NONE
/home/ramdisk/experiment6/projects/databus/revisions/rev_378fe05_120c5f8/rev_378fe05-120c5f8/databus-client/databus-client-http/src/main/java/com/linkedin/databus/client/generic/DatabusFileLoggingConsumer.java;NONE
/home/ramdisk/experiment6/projects/databus/revisions/rev_378fe05_120c5f8/rev_378fe05-120c5f8/databus-client/databus-client-http/src/main/java/com/linkedin/databus/client/generic/DatabusFileLoggingConsumer.java;NONE
/home/ramdisk/experiment6/projects/databus/revisions/rev_378fe05_120c5f8/rev_378fe05-120c5f8/databus-client/databus-client-http/src/main/java/com/linkedin/databus/client/generic/ClusterFileLoggingClient.java;NONE
/home/ramdisk/experiment6/projects/databus/revisions/rev_378fe05_120c5f8/rev_378fe05-120c5f8/databus-client/databus-client-http/src/main/java/com/linkedin/databus/client/monitoring/RegistrationStatsInfo.java;NONE
/home/ramdisk/experiment6/projects/databus/revisions/rev_378fe05_120c5f8/rev_378fe05-120c5f8/databus-client/databus-client-http/src/main/java/com/linkedin/databus/client/RelayDispatcher.java;NONE
/home/ramdisk/experiment6/projects/databus/revisions/rev_378fe05_120c5f8/rev_378fe05-120c5f8/databus-client/databus-client-http/src/main/java/com/linkedin/databus/client/DatabusHttpClientImpl.java;NONE
/home/ramdisk/experiment6/projects/databus/revisions/rev_378fe05_120c5f8/rev_378fe05-120c5f8/databus-client/databus-client-http/src/main/java/com/linkedin/databus/client/DatabusHttpClientImpl.java;NONE
/home/ramdisk/experiment6/projects/databus/revisions/rev_378fe05_120c5f8/rev_378fe05-120c5f8/databus-client/databus-client-http/src/main/java/com/linkedin/databus/client/DatabusHttpClientImpl.java;NONE
/home/ramdisk/experiment6/projects/databus/revisions/rev_378fe05_120c5f8/rev_378fe05-120c5f8/databus-client/databus-client-http/src/main/java/com/linkedin/databus/client/DatabusHttpClientImpl.java;NONE
/home/ramdisk/experiment6/projects/databus/revisions/rev_378fe05_120c5f8/rev_378fe05-120c5f8/databus-client/databus-client-http/src/main/java/com/linkedin/databus/client/GenericDispatcher.java;NONE
/home/ramdisk/experiment6/projects/databus/revisions/rev_378fe05_120c5f8/rev_378fe05-120c5f8/databus-client/databus-client-http/src/main/java/com/linkedin/databus/client/GenericDispatcher.java;NONE
/home/ramdisk/experiment6/projects/databus/revisions/rev_378fe05_120c5f8/rev_378fe05-120c5f8/databus-client/databus-client-http/src/main/java/com/linkedin/databus/client/GenericDispatcher.java;NONE
/home/ramdisk/experiment6/projects/databus/revisions/rev_378fe05_120c5f8/rev_378fe05-120c5f8/databus-client/databus-client-http/src/main/java/com/linkedin/databus/client/GenericDispatcher.java;NONE
/home/ramdisk/experiment6/projects/databus/revisions/rev_378fe05_120c5f8/rev_378fe05-120c5f8/databus-client/databus-client-http/src/test/java/com/linkedin/databus/client/TestDatabusHttpClient.java;NONE
/home/ramdisk/experiment6/projects/databus/revisions/rev_378fe05_120c5f8/rev_378fe05-120c5f8/databus-client/databus-client-http/src/test/java/com/linkedin/databus/client/TestDatabusHttpClient.java;NONE
/home/ramdisk/experiment6/projects/databus/revisions/rev_378fe05_120c5f8/rev_378fe05-120c5f8/databus-client/databus-client-http/src/test/java/com/linkedin/databus/client/TestDatabusHttpClient.java;NONE
/home/ramdisk/experiment6/projects/databus/revisions/rev_378fe05_120c5f8/rev_378fe05-120c5f8/databus-client/databus-client-http/src/test/java/com/linkedin/databus/client/TestDatabusHttpClient.java;NONE
/home/ramdisk/experiment6/projects/databus/revisions/rev_378fe05_120c5f8/rev_378fe05-120c5f8/databus-client/databus-client-http/src/test/java/com/linkedin/databus/client/TestDatabusHttpClient.java;NONE
/home/ramdisk/experiment6/projects/databus/revisions/rev_378fe05_120c5f8/rev_378fe05-120c5f8/databus-client/databus-client-http/src/test/java/com/linkedin/databus/client/TestDatabusHttpClient.java;NONE
/home/ramdisk/experiment6/projects/databus/revisions/rev_378fe05_120c5f8/rev_378fe05-120c5f8/databus-client/databus-client-http/src/test/java/com/linkedin/databus/client/TestBootstrapPullThread.java;NONE
/home/ramdisk/experiment6/projects/databus/revisions/rev_378fe05_120c5f8/rev_378fe05-120c5f8/databus-client/databus-client-http/src/test/java/com/linkedin/databus/client/TestGenericDispatcher.java;NONE
/home/ramdisk/experiment6/projects/databus/revisions/rev_378fe05_120c5f8/rev_378fe05-120c5f8/databus-client/databus-client-http/src/test/java/com/linkedin/databus/client/TestGenericDispatcher.java;NONE
/home/ramdisk/experiment6/projects/databus/revisions/rev_378fe05_120c5f8/rev_378fe05-120c5f8/databus-client/databus-client-http/src/test/java/com/linkedin/databus/client/TestGenericDispatcher.java;NONE
/home/ramdisk/experiment6/projects/databus/revisions/rev_378fe05_120c5f8/rev_378fe05-120c5f8/databus-client/databus-client-http/src/test/java/com/linkedin/databus/client/TestGenericDispatcher.java;NONE
/home/ramdisk/experiment6/projects/databus/revisions/rev_378fe05_120c5f8/rev_378fe05-120c5f8/databus-client/databus-client-http/src/test/java/com/linkedin/databus/client/TestGenericDispatcher.java;NONE
/home/ramdisk/experiment6/projects/databus/revisions/rev_378fe05_120c5f8/rev_378fe05-120c5f8/databus-client/databus-client-http/src/test/java/com/linkedin/databus/client/TestGenericDispatcher.java;NONE
/home/ramdisk/experiment6/projects/databus/revisions/rev_378fe05_120c5f8/rev_378fe05-120c5f8/databus-client/databus-client-http/src/test/java/com/linkedin/databus/client/TestGenericDispatcher.java;NONE
/home/ramdisk/experiment6/projects/databus/revisions/rev_378fe05_120c5f8/rev_378fe05-120c5f8/databus-client/databus-client-http/src/test/java/com/linkedin/databus/client/TestGenericDispatcher.java;NONE
/home/ramdisk/experiment6/projects/databus/revisions/rev_378fe05_120c5f8/rev_378fe05-120c5f8/databus-client/databus-client-http/src/test/java/com/linkedin/databus/client/TestGenericDispatcher.java;NONE
/home/ramdisk/experiment6/projects/databus/revisions/rev_378fe05_120c5f8/rev_378fe05-120c5f8/databus-client/databus-client-http/src/test/java/com/linkedin/databus/client/TestGenericDispatcher.java;NONE
/home/ramdisk/experiment6/projects/databus/revisions/rev_378fe05_120c5f8/rev_378fe05-120c5f8/databus-client/databus-client-http/src/test/java/com/linkedin/databus/client/TestGenericDispatcher.java;NONE
/home/ramdisk/experiment6/projects/databus/revisions/rev_378fe05_120c5f8/rev_378fe05-120c5f8/databus-client/databus-client-http/src/test/java/com/linkedin/databus/client/TestGenericDispatcher.java;NONE
/home/ramdisk/experiment6/projects/databus/revisions/rev_378fe05_120c5f8/rev_378fe05-120c5f8/databus-client/databus-client-http/src/test/java/com/linkedin/databus/client/TestGenericDispatcher.java;NONE
/home/ramdisk/experiment6/projects/databus/revisions/rev_378fe05_120c5f8/rev_378fe05-120c5f8/databus-client/databus-client-api/src/test/java/com/linkedin/databus/client/pub/TestClusterCheckpointPersistenceProvider.java;NONE
/home/ramdisk/experiment6/projects/databus/revisions/rev_378fe05_120c5f8/rev_378fe05-120c5f8/databus-client/databus-client-api/src/test/java/com/linkedin/databus/client/pub/TestClusterCheckpointPersistenceProvider.java;NONE
/home/ramdisk/experiment6/projects/databus/revisions/rev_378fe05_120c5f8/rev_378fe05-120c5f8/databus-client/databus-client-api/src/test/java/com/linkedin/databus/client/pub/TestClusterCheckpointPersistenceProvider.java;NONE
/home/ramdisk/experiment6/projects/databus/revisions/rev_378fe05_120c5f8/rev_378fe05-120c5f8/databus-client/databus-client-api/src/test/java/com/linkedin/databus/client/pub/TestClusterCheckpointPersistenceProvider.java;NONE
/home/ramdisk/experiment6/projects/databus/revisions/rev_378fe05_120c5f8/rev_378fe05-120c5f8/databus-client/databus-client-api/src/test/java/com/linkedin/databus/client/pub/TestClusterCheckpointPersistenceProvider.java;NONE
/home/ramdisk/experiment6/projects/databus/revisions/rev_378fe05_120c5f8/rev_378fe05-120c5f8/databus-client/databus-client-api/src/test/java/com/linkedin/databus/client/pub/TestClusterCheckpointPersistenceProvider.java;NONE
/home/ramdisk/experiment6/projects/databus/revisions/rev_378fe05_120c5f8/rev_378fe05-120c5f8/databus-client/databus-client-api/src/test/java/com/linkedin/databus/client/pub/TestClusterCheckpointPersistenceProvider.java;NONE
/home/ramdisk/experiment6/projects/databus/revisions/rev_378fe05_120c5f8/rev_378fe05-120c5f8/databus-client/databus-client-api/src/test/java/com/linkedin/databus/client/pub/TestClusterCheckpointPersistenceProvider.java;NONE
/home/ramdisk/experiment6/projects/databus/revisions/rev_378fe05_120c5f8/rev_378fe05-120c5f8/databus-client/databus-client-api/src/test/java/com/linkedin/databus/client/pub/TestClusterCheckpointPersistenceProvider.java;NONE
/home/ramdisk/experiment6/projects/databus/revisions/rev_378fe05_120c5f8/rev_378fe05-120c5f8/databus-client/databus-client-api/src/test/java/com/linkedin/databus/client/pub/TestClusterCheckpointPersistenceProvider.java;NONE
/home/ramdisk/experiment6/projects/databus/revisions/rev_378fe05_120c5f8/rev_378fe05-120c5f8/databus-client/databus-client-api/src/test/java/com/linkedin/databus/client/pub/TestClusterCheckpointPersistenceProvider.java;NONE
/home/ramdisk/experiment6/projects/databus/revisions/rev_378fe05_120c5f8/rev_378fe05-120c5f8/databus-client/databus-client-api/src/test/java/com/linkedin/databus/client/pub/TestClusterCheckpointPersistenceProvider.java;NONE
/home/ramdisk/experiment6/projects/databus/revisions/rev_378fe05_120c5f8/rev_378fe05-120c5f8/databus-client/databus-client-api/src/test/java/com/linkedin/databus/client/pub/TestClusterCheckpointPersistenceProvider.java;NONE
/home/ramdisk/experiment6/projects/databus/revisions/rev_378fe05_120c5f8/rev_378fe05-120c5f8/databus-client/databus-client-api/src/test/java/com/linkedin/databus/client/pub/TestClusterCheckpointPersistenceProvider.java;NONE
/home/ramdisk/experiment6/projects/databus/revisions/rev_378fe05_120c5f8/rev_378fe05-120c5f8/databus-client/databus-client-api/src/main/java/com/linkedin/databus/client/pub/DatabusV3Registration.java;NONE
/home/ramdisk/experiment6/projects/databus/revisions/rev_378fe05_120c5f8/rev_378fe05-120c5f8/databus-client/databus-client-api/src/main/java/com/linkedin/databus/client/pub/ConsumerCallbackResult.java;NONE
/home/ramdisk/experiment6/projects/databus/revisions/rev_378fe05_120c5f8/rev_378fe05-120c5f8/databus-bootstrap-utils/databus-bootstrap-utils-impl/src/main/java/com/linkedin/databus/bootstrap/utils/BootstrapDBCleanerMain.java;NONE
/home/ramdisk/experiment6/projects/databus/revisions/rev_378fe05_120c5f8/rev_378fe05-120c5f8/databus-bootstrap-utils/databus-bootstrap-utils-impl/src/main/java/com/linkedin/databus/bootstrap/utils/BootstrapDBCleanerMain.java;NONE
/home/ramdisk/experiment6/projects/databus/revisions/rev_378fe05_120c5f8/rev_378fe05-120c5f8/databus-bootstrap-utils/databus-bootstrap-utils-impl/src/main/java/com/linkedin/databus/bootstrap/utils/BootstrapDBCleanerMain.java;NONE
/home/ramdisk/experiment6/projects/databus/revisions/rev_378fe05_120c5f8/rev_378fe05-120c5f8/databus-bootstrap-server/databus-bootstrap-server-impl/src/main/java/com/linkedin/databus/bootstrap/server/BootstrapServerStaticConfig.java;NONE
/home/ramdisk/experiment6/projects/databus/revisions/rev_378fe05_120c5f8/rev_378fe05-120c5f8/databus-bootstrap-server/databus-bootstrap-server-impl/src/main/java/com/linkedin/databus/bootstrap/server/BootstrapServerConfig.java;NONE
/home/ramdisk/experiment6/projects/databus/revisions/rev_378fe05_120c5f8/rev_378fe05-120c5f8/databus-bootstrap-common/databus-bootstrap-common-impl/src/main/java/com/linkedin/databus/bootstrap/common/BootstrapDBCleanerQueryHelper.java;MINE
/home/ramdisk/experiment6/projects/databus/revisions/rev_378fe05_120c5f8/rev_378fe05-120c5f8/databus-bootstrap-common/databus-bootstrap-common-impl/src/main/java/com/linkedin/databus/bootstrap/common/BootstrapDBCleanerQueryExecutor.java;MINE
/home/ramdisk/experiment6/projects/databus/revisions/rev_378fe05_120c5f8/rev_378fe05-120c5f8/databus-bootstrap-common/databus-bootstrap-common-impl/src/main/java/com/linkedin/databus/bootstrap/common/BootstrapConfig.java;YOURS
/home/ramdisk/experiment6/projects/databus/revisions/rev_378fe05_120c5f8/rev_378fe05-120c5f8/databus-bootstrap-common/databus-bootstrap-common-impl/src/main/java/com/linkedin/databus/bootstrap/common/BootstrapDBCleaner.java;YOURS
/home/ramdisk/experiment6/projects/databus/revisions/rev_378fe05_120c5f8/rev_378fe05-120c5f8/databus-bootstrap-common/databus-bootstrap-common-impl/src/main/java/com/linkedin/databus/bootstrap/common/BootstrapDBCleaner.java;MINE
/home/ramdisk/experiment6/projects/databus/revisions/rev_378fe05_120c5f8/rev_378fe05-120c5f8/databus-bootstrap-common/databus-bootstrap-common-impl/src/main/java/com/linkedin/databus/bootstrap/common/BootstrapDBCleaner.java;YOURS
/home/ramdisk/experiment6/projects/databus/revisions/rev_378fe05_120c5f8/rev_378fe05-120c5f8/databus-bootstrap-common/databus-bootstrap-common-impl/src/main/java/com/linkedin/databus/bootstrap/common/BootstrapDBCleaner.java;YOURS
/home/ramdisk/experiment6/projects/databus/revisions/rev_378fe05_120c5f8/rev_378fe05-120c5f8/databus-bootstrap-producer/databus-bootstrap-producer-impl/src/main/java/com/linkedin/databus/bootstrap/producer/BootstrapApplierThread.java;NONE
/home/ramdisk/experiment6/projects/databus/revisions/rev_378fe05_120c5f8/rev_378fe05-120c5f8/databus-bootstrap-producer/databus-bootstrap-producer-impl/src/main/java/com/linkedin/databus/bootstrap/producer/BootstrapDBPeriodicTriggerThread.java;MINE
/home/ramdisk/experiment6/projects/databus/revisions/rev_378fe05_120c5f8/rev_378fe05-120c5f8/databus-core/databus-core-impl/src/main/java/com/linkedin/databus/core/test/DbusEventAppender.java;MINE
/home/ramdisk/experiment6/projects/databus/revisions/rev_378fe05_120c5f8/rev_378fe05-120c5f8/databus-core/databus-core-impl/src/main/java/com/linkedin/databus/core/Checkpoint.java;MINE
/home/ramdisk/experiment6/projects/databus/revisions/rev_378fe05_120c5f8/rev_378fe05-120c5f8/databus-core/databus-core-impl/src/main/java/com/linkedin/databus/core/Checkpoint.java;MINE
/home/ramdisk/experiment6/projects/databus/revisions/rev_378fe05_120c5f8/rev_378fe05-120c5f8/databus-core/databus-core-impl/src/main/java/com/linkedin/databus/core/Checkpoint.java;MINE
/home/ramdisk/experiment6/projects/databus/revisions/rev_378fe05_120c5f8/rev_378fe05-120c5f8/databus-core/databus-core-impl/src/main/java/com/linkedin/databus/core/Checkpoint.java;YOURS
/home/ramdisk/experiment6/projects/databus/revisions/rev_378fe05_120c5f8/rev_378fe05-120c5f8/databus-core/databus-core-impl/src/main/java/com/linkedin/databus/core/Checkpoint.java;MINE
/home/ramdisk/experiment6/projects/databus/revisions/rev_378fe05_120c5f8/rev_378fe05-120c5f8/databus-core/databus-core-impl/src/main/java/com/linkedin/databus/core/Checkpoint.java;MINE
/home/ramdisk/experiment6/projects/databus/revisions/rev_378fe05_120c5f8/rev_378fe05-120c5f8/databus-core/databus-core-impl/src/main/java/com/linkedin/databus/core/Checkpoint.java;MINE
/home/ramdisk/experiment6/projects/databus/revisions/rev_378fe05_120c5f8/rev_378fe05-120c5f8/databus-core/databus-core-impl/src/main/java/com/linkedin/databus/core/Checkpoint.java;MINE
/home/ramdisk/experiment6/projects/databus/revisions/rev_378fe05_120c5f8/rev_378fe05-120c5f8/databus-core/databus-core-impl/src/main/java/com/linkedin/databus/core/Checkpoint.java;MINE
/home/ramdisk/experiment6/projects/databus/revisions/rev_378fe05_120c5f8/rev_378fe05-120c5f8/databus-core/databus-core-impl/src/main/java/com/linkedin/databus/core/Checkpoint.java;MINE
/home/ramdisk/experiment6/projects/databus/revisions/rev_378fe05_120c5f8/rev_378fe05-120c5f8/databus-core/databus-core-impl/src/main/java/com/linkedin/databus/core/Checkpoint.java;MINE
/home/ramdisk/experiment6/projects/databus/revisions/rev_378fe05_120c5f8/rev_378fe05-120c5f8/databus-core/databus-core-impl/src/main/java/com/linkedin/databus/core/Checkpoint.java;YOURS
/home/ramdisk/experiment6/projects/databus/revisions/rev_378fe05_120c5f8/rev_378fe05-120c5f8/databus-core/databus-core-impl/src/main/java/com/linkedin/databus/core/Checkpoint.java;MINE
/home/ramdisk/experiment6/projects/databus/revisions/rev_378fe05_120c5f8/rev_378fe05-120c5f8/databus-core/databus-core-impl/src/test/java/com/linkedin/databus/core/TestCheckpoint.java;MINE
/home/ramdisk/experiment6/projects/databus/revisions/rev_378fe05_120c5f8/rev_378fe05-120c5f8/databus-core/databus-core-impl/src/test/java/com/linkedin/databus/core/TestCheckpoint.java;MINE
/home/ramdisk/experiment6/projects/databus/revisions/rev_378fe05_120c5f8/rev_378fe05-120c5f8/databus-core/databus-core-container/src/main/java/com/linkedin/databus2/core/container/request/DatabusRequest.java;MINE
/home/ramdisk/experiment6/projects/databus/revisions/rev_378fe05_120c5f8/rev_378fe05-120c5f8/databus-core/databus-core-container/src/main/java/com/linkedin/databus2/core/container/request/DatabusRequest.java;MINE
/home/ramdisk/experiment6/projects/databus/revisions/rev_378fe05_120c5f8/rev_378fe05-120c5f8/databus-core/databus-core-fwk-test/src/main/java/com/linkedin/databus2/test/ClassIntrospectionUtils.java;NONE
/home/ramdisk/experiment6/projects/databus/revisions/rev_378fe05_120c5f8/rev_378fe05-120c5f8/databus-client/databus-client-common/src/main/java/com/linkedin/databus/client/DbusEventAvroDecoder.java;MINE
/home/ramdisk/experiment6/projects/databus/revisions/rev_378fe05_120c5f8/rev_378fe05-120c5f8/databus-client/databus-client-common/src/test/java/com/linkedin/databus/client/consumer/TestMultiConsumerCallback.java;MINE
/home/ramdisk/experiment6/projects/databus/revisions/rev_378fe05_120c5f8/rev_378fe05-120c5f8/databus-client/databus-client-common/src/test/java/com/linkedin/databus/client/consumer/TestMultiConsumerCallback.java;MINE
/home/ramdisk/experiment6/projects/databus/revisions/rev_378fe05_120c5f8/rev_378fe05-120c5f8/databus-client/databus-client-common/src/test/java/com/linkedin/databus/client/consumer/TestMultiConsumerCallback.java;MINE
/home/ramdisk/experiment6/projects/databus/revisions/rev_378fe05_120c5f8/rev_378fe05-120c5f8/databus-client/databus-client-common/src/test/java/com/linkedin/databus/client/consumer/TestMultiConsumerCallback.java;MINE
/home/ramdisk/experiment6/projects/databus/revisions/rev_378fe05_120c5f8/rev_378fe05-120c5f8/databus-client/databus-client-common/src/test/java/com/linkedin/databus/client/consumer/TestMultiConsumerCallback.java;MINE
/home/ramdisk/experiment6/projects/databus/revisions/rev_378fe05_120c5f8/rev_378fe05-120c5f8/databus-client/databus-client-common/src/test/java/com/linkedin/databus/client/consumer/TestMultiConsumerCallback.java;MINE
/home/ramdisk/experiment6/projects/databus/revisions/rev_378fe05_120c5f8/rev_378fe05-120c5f8/databus-client/databus-client-common/src/test/java/com/linkedin/databus/client/consumer/TestMultiConsumerCallback.java;MINE
/home/ramdisk/experiment6/projects/databus/revisions/rev_378fe05_120c5f8/rev_378fe05-120c5f8/databus-client/databus-client-common/src/test/java/com/linkedin/databus/client/consumer/TestMultiConsumerCallback.java;MINE
/home/ramdisk/experiment6/projects/databus/revisions/rev_378fe05_120c5f8/rev_378fe05-120c5f8/databus-client/databus-client-common/src/test/java/com/linkedin/databus/client/consumer/TestMultiConsumerCallback.java;MINE
/home/ramdisk/experiment6/projects/databus/revisions/rev_378fe05_120c5f8/rev_378fe05-120c5f8/databus-client/databus-client-http/src/main/java/com/linkedin/databus/client/netty/RemoteExceptionHandler.java;MINE
/home/ramdisk/experiment6/projects/databus/revisions/rev_378fe05_120c5f8/rev_378fe05-120c5f8/databus-client/databus-client-http/src/main/java/com/linkedin/databus/client/netty/RemoteExceptionHandler.java;MINE
/home/ramdisk/experiment6/projects/databus/revisions/rev_378fe05_120c5f8/rev_378fe05-120c5f8/databus-client/databus-client-http/src/main/java/com/linkedin/databus/client/netty/NettyHttpDatabusBootstrapConnection.java;MINE
/home/ramdisk/experiment6/projects/databus/revisions/rev_378fe05_120c5f8/rev_378fe05-120c5f8/databus-client/databus-client-http/src/main/java/com/linkedin/databus/client/generic/SimpleFileLoggingConsumer.java;YOURS
/home/ramdisk/experiment6/projects/databus/revisions/rev_378fe05_120c5f8/rev_378fe05-120c5f8/databus-client/databus-client-http/src/main/java/com/linkedin/databus/client/generic/SimpleFileLoggingConsumer.java;MINE
/home/ramdisk/experiment6/projects/databus/revisions/rev_378fe05_120c5f8/rev_378fe05-120c5f8/databus-client/databus-client-http/src/main/java/com/linkedin/databus/client/generic/DatabusFileLoggingConsumer.java;MINE
/home/ramdisk/experiment6/projects/databus/revisions/rev_378fe05_120c5f8/rev_378fe05-120c5f8/databus-client/databus-client-http/src/main/java/com/linkedin/databus/client/generic/DatabusFileLoggingConsumer.java;NONE
/home/ramdisk/experiment6/projects/databus/revisions/rev_378fe05_120c5f8/rev_378fe05-120c5f8/databus-client/databus-client-http/src/main/java/com/linkedin/databus/client/generic/DatabusFileLoggingConsumer.java;YOURS
/home/ramdisk/experiment6/projects/databus/revisions/rev_378fe05_120c5f8/rev_378fe05-120c5f8/databus-client/databus-client-http/src/main/java/com/linkedin/databus/client/generic/DatabusFileLoggingConsumer.java;MINE
/home/ramdisk/experiment6/projects/databus/revisions/rev_378fe05_120c5f8/rev_378fe05-120c5f8/databus-client/databus-client-http/src/main/java/com/linkedin/databus/client/generic/DatabusFileLoggingConsumer.java;YOURS
/home/ramdisk/experiment6/projects/databus/revisions/rev_378fe05_120c5f8/rev_378fe05-120c5f8/databus-client/databus-client-http/src/main/java/com/linkedin/databus/client/generic/DatabusFileLoggingConsumer.java;MINE
/home/ramdisk/experiment6/projects/databus/revisions/rev_378fe05_120c5f8/rev_378fe05-120c5f8/databus-client/databus-client-http/src/main/java/com/linkedin/databus/client/generic/DatabusFileLoggingConsumer.java;MINE
/home/ramdisk/experiment6/projects/databus/revisions/rev_378fe05_120c5f8/rev_378fe05-120c5f8/databus-client/databus-client-http/src/main/java/com/linkedin/databus/client/generic/DatabusFileLoggingConsumer.java;YOURS
/home/ramdisk/experiment6/projects/databus/revisions/rev_378fe05_120c5f8/rev_378fe05-120c5f8/databus-client/databus-client-http/src/main/java/com/linkedin/databus/client/DatabusHttpClientImpl.java;MINE
/home/ramdisk/experiment6/projects/databus/revisions/rev_378fe05_120c5f8/rev_378fe05-120c5f8/databus-client/databus-client-http/src/main/java/com/linkedin/databus/client/DatabusHttpClientImpl.java;YOURS
/home/ramdisk/experiment6/projects/databus/revisions/rev_378fe05_120c5f8/rev_378fe05-120c5f8/databus-client/databus-client-http/src/main/java/com/linkedin/databus/client/DatabusHttpClientImpl.java;YOURS
/home/ramdisk/experiment6/projects/databus/revisions/rev_378fe05_120c5f8/rev_378fe05-120c5f8/databus-client/databus-client-http/src/main/java/com/linkedin/databus/client/DatabusHttpClientImpl.java;YOURS
/home/ramdisk/experiment6/projects/databus/revisions/rev_378fe05_120c5f8/rev_378fe05-120c5f8/databus-client/databus-client-http/src/main/java/com/linkedin/databus/client/DatabusHttpClientImpl.java;YOURS
/home/ramdisk/experiment6/projects/databus/revisions/rev_378fe05_120c5f8/rev_378fe05-120c5f8/databus-client/databus-client-http/src/main/java/com/linkedin/databus/client/DatabusHttpClientImpl.java;YOURS
/home/ramdisk/experiment6/projects/databus/revisions/rev_378fe05_120c5f8/rev_378fe05-120c5f8/databus-client/databus-client-http/src/main/java/com/linkedin/databus/client/DatabusHttpClientImpl.java;YOURS
/home/ramdisk/experiment6/projects/databus/revisions/rev_378fe05_120c5f8/rev_378fe05-120c5f8/databus-client/databus-client-http/src/main/java/com/linkedin/databus/client/DatabusHttpClientImpl.java;YOURS
/home/ramdisk/experiment6/projects/databus/revisions/rev_378fe05_120c5f8/rev_378fe05-120c5f8/databus-client/databus-client-http/src/main/java/com/linkedin/databus/client/DatabusHttpClientImpl.java;YOURS
/home/ramdisk/experiment6/projects/databus/revisions/rev_378fe05_120c5f8/rev_378fe05-120c5f8/databus-client/databus-client-http/src/main/java/com/linkedin/databus/client/DatabusHttpClientImpl.java;YOURS
/home/ramdisk/experiment6/projects/databus/revisions/rev_378fe05_120c5f8/rev_378fe05-120c5f8/databus-client/databus-client-http/src/main/java/com/linkedin/databus/client/DatabusHttpClientImpl.java;YOURS
/home/ramdisk/experiment6/projects/databus/revisions/rev_378fe05_120c5f8/rev_378fe05-120c5f8/databus-client/databus-client-http/src/main/java/com/linkedin/databus/client/DatabusHttpClientImpl.java;YOURS
/home/ramdisk/experiment6/projects/databus/revisions/rev_378fe05_120c5f8/rev_378fe05-120c5f8/databus-client/databus-client-http/src/main/java/com/linkedin/databus/client/DatabusHttpClientImpl.java;YOURS
/home/ramdisk/experiment6/projects/databus/revisions/rev_378fe05_120c5f8/rev_378fe05-120c5f8/databus-client/databus-client-http/src/main/java/com/linkedin/databus/client/GenericDispatcher.java;MINE
/home/ramdisk/experiment6/projects/databus/revisions/rev_378fe05_120c5f8/rev_378fe05-120c5f8/databus-client/databus-client-http/src/main/java/com/linkedin/databus/client/GenericDispatcher.java;MINE
/home/ramdisk/experiment6/projects/databus/revisions/rev_378fe05_120c5f8/rev_378fe05-120c5f8/databus-client/databus-client-http/src/main/java/com/linkedin/databus/client/GenericDispatcher.java;MINE
/home/ramdisk/experiment6/projects/databus/revisions/rev_378fe05_120c5f8/rev_378fe05-120c5f8/databus-client/databus-client-http/src/main/java/com/linkedin/databus/client/GenericDispatcher.java;MINE
/home/ramdisk/experiment6/projects/databus/revisions/rev_378fe05_120c5f8/rev_378fe05-120c5f8/databus-client/databus-client-http/src/main/java/com/linkedin/databus/client/DatabusSourcesConnection.java;NONE
/home/ramdisk/experiment6/projects/databus/revisions/rev_378fe05_120c5f8/rev_378fe05-120c5f8/databus-client/databus-client-http/src/test/java/com/linkedin/databus/client/TestBootstrapPullThread.java;MINE
/home/ramdisk/experiment6/projects/databus/revisions/rev_378fe05_120c5f8/rev_378fe05-120c5f8/databus-client/databus-client-http/src/test/java/com/linkedin/databus/client/TestGenericDispatcher.java;MINE
/home/ramdisk/experiment6/projects/databus/revisions/rev_378fe05_120c5f8/rev_378fe05-120c5f8/databus-client/databus-client-http/src/test/java/com/linkedin/databus/client/TestGenericDispatcher.java;MINE
/home/ramdisk/experiment6/projects/databus/revisions/rev_378fe05_120c5f8/rev_378fe05-120c5f8/databus-client/databus-client-http/src/test/java/com/linkedin/databus/client/TestGenericDispatcher.java;MINE
/home/ramdisk/experiment6/projects/databus/revisions/rev_378fe05_120c5f8/rev_378fe05-120c5f8/databus-client/databus-client-http/src/test/java/com/linkedin/databus/client/TestGenericDispatcher.java;MINE
/home/ramdisk/experiment6/projects/databus/revisions/rev_378fe05_120c5f8/rev_378fe05-120c5f8/databus-client/databus-client-http/src/test/java/com/linkedin/databus/client/TestGenericDispatcher.java;YOURS
/home/ramdisk/experiment6/projects/databus/revisions/rev_378fe05_120c5f8/rev_378fe05-120c5f8/databus-client/databus-client-http/src/test/java/com/linkedin/databus/client/TestGenericDispatcher.java;MINE
/home/ramdisk/experiment6/projects/databus/revisions/rev_378fe05_120c5f8/rev_378fe05-120c5f8/databus-client/databus-client-http/src/test/java/com/linkedin/databus/client/TestGenericDispatcher.java;YOURS
/home/ramdisk/experiment6/projects/databus/revisions/rev_378fe05_120c5f8/rev_378fe05-120c5f8/databus-client/databus-client-http/src/test/java/com/linkedin/databus/client/TestGenericDispatcher.java;MINE
/home/ramdisk/experiment6/projects/databus/revisions/rev_378fe05_120c5f8/rev_378fe05-120c5f8/databus-client/databus-client-http/src/test/java/com/linkedin/databus/client/TestGenericDispatcher.java;YOURS
/home/ramdisk/experiment6/projects/databus/revisions/rev_378fe05_120c5f8/rev_378fe05-120c5f8/databus-client/databus-client-http/src/test/java/com/linkedin/databus/client/TestGenericDispatcher.java;MINE
/home/ramdisk/experiment6/projects/databus/revisions/rev_378fe05_120c5f8/rev_378fe05-120c5f8/databus-client/databus-client-http/src/test/java/com/linkedin/databus/client/TestGenericDispatcher.java;MINE
/home/ramdisk/experiment6/projects/databus/revisions/rev_378fe05_120c5f8/rev_378fe05-120c5f8/databus-client/databus-client-http/src/test/java/com/linkedin/databus/client/TestGenericDispatcher.java;MINE
/home/ramdisk/experiment6/projects/databus/revisions/rev_378fe05_120c5f8/rev_378fe05-120c5f8/databus-client/databus-client-api/src/test/java/com/linkedin/databus/client/pub/TestClusterCheckpointPersistenceProvider.java;NONE
/home/ramdisk/experiment6/projects/databus/revisions/rev_378fe05_120c5f8/rev_378fe05-120c5f8/databus-client/databus-client-api/src/test/java/com/linkedin/databus/client/pub/TestClusterCheckpointPersistenceProvider.java;NONE
/home/ramdisk/experiment6/projects/databus/revisions/rev_378fe05_120c5f8/rev_378fe05-120c5f8/databus2-example/databus2-example-relay/src/main/java/com/linkedin/databus/relay/example/PersonRelayServer.java;MINE
/home/ramdisk/experiment6/projects/databus/revisions/rev_378fe05_120c5f8/rev_378fe05-120c5f8/databus-bootstrap-utils/databus-bootstrap-utils-impl/src/main/java/com/linkedin/databus/bootstrap/utils/BootstrapDBCleanerMain.java;YOURS
/home/ramdisk/experiment6/projects/databus/revisions/rev_378fe05_120c5f8/rev_378fe05-120c5f8/databus-bootstrap-server/databus-bootstrap-server-impl/src/main/java/com/linkedin/databus/bootstrap/server/BootstrapServerStaticConfig.java;MINE
/home/ramdisk/experiment6/projects/databus/revisions/rev_378fe05_120c5f8/rev_378fe05-120c5f8/databus-bootstrap-server/databus-bootstrap-server-impl/src/main/java/com/linkedin/databus/bootstrap/server/StartSCNRequestProcessor.java;MINE
/home/ramdisk/experiment6/projects/databus/revisions/rev_378fe05_120c5f8/rev_378fe05-120c5f8/databus-bootstrap-server/databus-bootstrap-server-impl/src/main/java/com/linkedin/databus/bootstrap/server/BootstrapServerConfig.java;MINE
