revision;totalFiles;nonJavaFiles;nonJavaEqualFiles;nonJavaMergedFiles;nonJavaFilesConfs;javaFiles;javaEqualFiles;javaMergedFiles;badParsedFiles;javaFilesConfsSS;javaFilesConfsUN;javaEqualConfs;mergeTime
/experiment_results/projects/async-http-client/revisions/rev_93cb819_31e901c/rev_93cb819-31e901c.revisions;299;268;0;268;2;31;29;2;0;0;1;0;22
/experiment_results/projects/async-http-client/revisions/rev_2cf9d24_51c6b46/rev_2cf9d24-51c6b46.revisions;301;269;0;269;2;32;32;0;0;0;0;0;22
/experiment_results/projects/async-http-client/revisions/rev_ee6dbbe_8f2a67d/rev_ee6dbbe-8f2a67d.revisions;303;269;0;269;2;34;34;0;0;0;0;0;22
/experiment_results/projects/async-http-client/revisions/rev_ce15649_c5ed481/rev_ce15649-c5ed481.revisions;316;269;0;269;2;47;46;1;0;0;0;0;22
/experiment_results/projects/async-http-client/revisions/rev_b3ee849_8fdaa27/rev_b3ee849-8fdaa27.revisions;325;272;0;272;2;53;53;0;0;0;0;0;21
/experiment_results/projects/async-http-client/revisions/rev_2834878_62be117/rev_2834878-62be117.revisions;323;272;0;272;2;51;50;1;0;0;4;0;21
/experiment_results/projects/async-http-client/revisions/rev_c0eac7b_b36d1d5/rev_c0eac7b-b36d1d5.revisions;325;272;0;272;2;53;53;0;0;0;0;0;21
/experiment_results/projects/async-http-client/revisions/rev_6b1685d_1fbadf5/rev_6b1685d-1fbadf5.revisions;325;272;0;272;2;53;51;2;0;0;0;0;21
/experiment_results/projects/async-http-client/revisions/rev_c1d79e3_dcd3178/rev_c1d79e3-dcd3178.revisions;324;272;0;272;2;52;52;0;0;0;0;0;21
/experiment_results/projects/async-http-client/revisions/rev_1e873d6_e316fd2/rev_1e873d6-e316fd2.revisions;324;272;0;272;2;52;52;0;0;0;0;0;21
/experiment_results/projects/async-http-client/revisions/rev_12fb5f5_d53a698/rev_12fb5f5-d53a698.revisions;324;272;0;272;2;52;50;2;0;0;1;0;21
/experiment_results/projects/async-http-client/revisions/rev_6a4b9cd_e4078c4/rev_6a4b9cd-e4078c4.revisions;326;272;0;272;2;54;53;1;0;0;0;0;21
/experiment_results/projects/async-http-client/revisions/rev_7d338a5_c365062/rev_7d338a5-c365062.revisions;328;272;0;272;2;56;56;0;0;0;0;0;21
/experiment_results/projects/async-http-client/revisions/rev_afabbfc_6d6e041/rev_afabbfc-6d6e041.revisions;327;272;0;272;2;55;55;0;0;0;0;0;22
/experiment_results/projects/async-http-client/revisions/rev_e688a45_2d84d9a/rev_e688a45-2d84d9a.revisions;327;272;0;272;2;55;55;0;0;0;0;0;21
/experiment_results/projects/async-http-client/revisions/rev_2923212_8c7a01d/rev_2923212-8c7a01d.revisions;327;272;0;272;2;55;55;0;0;0;0;0;21
/experiment_results/projects/async-http-client/revisions/rev_4207a7d_37dfe8d/rev_4207a7d-37dfe8d.revisions;327;272;0;272;2;55;55;0;0;0;0;0;21
/experiment_results/projects/async-http-client/revisions/rev_8c28c2e_0bff946/rev_8c28c2e-0bff946.revisions;327;272;0;272;2;55;54;1;0;0;0;0;21
/experiment_results/projects/async-http-client/revisions/rev_ecd9b19_a67540d/rev_ecd9b19-a67540d.revisions;331;272;0;272;2;59;58;1;0;0;0;0;21
/experiment_results/projects/async-http-client/revisions/rev_531c59a_d03398e/rev_531c59a-d03398e.revisions;331;272;0;272;2;59;58;1;0;0;0;0;21
/experiment_results/projects/async-http-client/revisions/rev_efbd0f0_32d757b/rev_efbd0f0-32d757b.revisions;332;272;0;272;2;60;59;1;0;0;0;0;21
/experiment_results/projects/async-http-client/revisions/rev_3006d89_ad64394/rev_3006d89-ad64394.revisions;332;272;0;272;2;60;59;1;0;0;0;0;21
/experiment_results/projects/async-http-client/revisions/rev_bd3cc8c_c4c432c/rev_bd3cc8c-c4c432c.revisions;332;272;0;272;2;60;59;1;0;0;0;0;21
/experiment_results/projects/async-http-client/revisions/rev_3fc1557_de1441b/rev_3fc1557-de1441b.revisions;332;272;0;272;2;60;57;3;0;0;0;0;21
/experiment_results/projects/async-http-client/revisions/rev_5c698a8_974b547/rev_5c698a8-974b547.revisions;332;272;0;272;2;60;59;1;0;1;1;1;21
/experiment_results/projects/async-http-client/revisions/rev_1b2aa0f_9f3b7a4/rev_1b2aa0f-9f3b7a4.revisions;345;273;0;273;2;72;70;2;0;0;1;0;21
/experiment_results/projects/async-http-client/revisions/rev_50d4966_0f933aa/rev_50d4966-0f933aa.revisions;334;274;0;274;2;60;59;1;0;0;3;0;21
/experiment_results/projects/async-http-client/revisions/rev_2693153_e6434a8/rev_2693153-e6434a8.revisions;358;274;0;274;2;84;83;1;0;2;2;2;21
/experiment_results/projects/async-http-client/revisions/rev_577daad_f69cc7e/rev_577daad-f69cc7e.revisions;359;274;0;274;2;85;84;1;0;0;0;0;21
/experiment_results/projects/async-http-client/revisions/rev_2919b93_6dd336a/rev_2919b93-6dd336a.revisions;359;274;0;274;2;85;82;3;0;2;2;2;21
/experiment_results/projects/async-http-client/revisions/rev_69a4c71_6dd336a/rev_69a4c71-6dd336a.revisions;358;274;0;274;2;84;83;1;0;0;0;0;21
/experiment_results/projects/async-http-client/revisions/rev_bc733ec_69a4c71/rev_bc733ec-69a4c71.revisions;358;274;0;274;2;84;83;1;0;0;0;0;21
/experiment_results/projects/async-http-client/revisions/rev_ee371ed_7fb4fa1/rev_ee371ed-7fb4fa1.revisions;359;274;0;274;2;85;62;23;0;3;156;2;21
/experiment_results/projects/async-http-client/revisions/rev_d5edddc_3525713/rev_d5edddc-3525713.revisions;362;274;0;274;2;88;87;1;0;0;0;0;21
/experiment_results/projects/async-http-client/revisions/rev_0bc0366_e8e06e2/rev_0bc0366-e8e06e2.revisions;363;274;0;274;2;89;89;0;0;0;0;0;21
/experiment_results/projects/async-http-client/revisions/rev_7245800_fbf4fde/rev_7245800-fbf4fde.revisions;359;274;0;274;2;85;81;4;0;1;1;1;21
/experiment_results/projects/async-http-client/revisions/rev_0efa8eb_777802b/rev_0efa8eb-777802b.revisions;371;274;0;274;2;97;94;3;0;3;5;3;21
/experiment_results/projects/async-http-client/revisions/rev_411756c_467e6d5/rev_411756c-467e6d5.revisions;381;274;0;274;2;107;106;1;0;0;0;0;21
/experiment_results/projects/async-http-client/revisions/rev_8a125e0_5d41e01/rev_8a125e0-5d41e01.revisions;381;274;0;274;2;107;106;1;0;0;2;0;21
/experiment_results/projects/async-http-client/revisions/rev_7705931_c869ef4/rev_7705931-c869ef4.revisions;381;274;0;274;2;107;107;0;0;0;0;0;21
/experiment_results/projects/async-http-client/revisions/rev_9436ab5_db70fe8/rev_9436ab5-db70fe8.revisions;383;276;0;276;2;107;107;0;0;0;0;0;21
/experiment_results/projects/async-http-client/revisions/rev_9c15644_90d2593/rev_9c15644-90d2593.revisions;390;276;0;276;2;114;113;1;0;0;0;0;21
/experiment_results/projects/async-http-client/revisions/rev_772dafc_257398b/rev_772dafc-257398b.revisions;390;276;0;276;2;114;114;0;0;0;0;0;21
/experiment_results/projects/async-http-client/revisions/rev_cf2fc23_b203798/rev_cf2fc23-b203798.revisions;395;276;0;276;2;119;118;1;0;0;0;0;21
/experiment_results/projects/async-http-client/revisions/rev_21c9d57_7f451c4/rev_21c9d57-7f451c4.revisions;395;276;0;276;2;119;119;0;0;0;0;0;21
/experiment_results/projects/async-http-client/revisions/rev_b9bd666_4394481/rev_b9bd666-4394481.revisions;430;277;0;277;2;153;153;0;0;0;0;0;21
/experiment_results/projects/async-http-client/revisions/rev_b4fc4c8_adf6555/rev_b4fc4c8-adf6555.revisions;430;277;0;277;2;153;153;0;0;0;0;0;21
/experiment_results/projects/async-http-client/revisions/rev_e419eed_b3b567a/rev_e419eed-b3b567a.revisions;429;278;0;278;2;151;148;1;2;0;0;0;21
/experiment_results/projects/async-http-client/revisions/rev_ddc7b4c_1206399/rev_ddc7b4c-1206399.revisions;427;278;0;278;2;149;148;1;0;0;0;0;21
/experiment_results/projects/async-http-client/revisions/rev_fee4fee_e6c6f18/rev_fee4fee-e6c6f18.revisions;432;278;0;278;2;154;153;1;0;0;0;0;21
/experiment_results/projects/async-http-client/revisions/rev_a67101b_20a1771/rev_a67101b-20a1771.revisions;437;277;0;277;2;160;160;0;0;0;0;0;21
/experiment_results/projects/async-http-client/revisions/rev_323d06e_d9236a6/rev_323d06e-d9236a6.revisions;546;277;0;277;2;269;269;0;0;0;0;0;21
/experiment_results/projects/async-http-client/revisions/rev_40fcb37_8b307ed/rev_40fcb37-8b307ed.revisions;546;277;0;277;2;269;269;0;0;0;0;0;21
/experiment_results/projects/async-http-client/revisions/rev_1853845_e15aa2d/rev_1853845-e15aa2d.revisions;546;277;0;277;2;269;268;1;0;0;0;0;21
/experiment_results/projects/async-http-client/revisions/rev_a68baa8_e6bd103/rev_a68baa8-e6bd103.revisions;546;277;0;277;2;269;268;1;0;0;0;0;21
/experiment_results/projects/async-http-client/revisions/rev_cafa72e_2c0bccd/rev_cafa72e-2c0bccd.revisions;455;277;0;277;2;178;178;0;0;0;0;0;21
/experiment_results/projects/async-http-client/revisions/rev_a2e5ad7_c7b76df/rev_a2e5ad7-c7b76df.revisions;469;277;0;277;2;192;192;0;0;0;0;0;21
/experiment_results/projects/async-http-client/revisions/rev_af3231c_627b8a2/rev_af3231c-627b8a2.revisions;469;277;0;277;2;192;190;2;0;0;0;0;21
/experiment_results/projects/async-http-client/revisions/rev_5062937_fb51ff0/rev_5062937-fb51ff0.revisions;469;277;0;277;2;192;192;0;0;0;0;0;21
/experiment_results/projects/async-http-client/revisions/rev_9c681b1_4d669f4/rev_9c681b1-4d669f4.revisions;469;277;0;277;2;192;192;0;0;0;0;0;21
/experiment_results/projects/async-http-client/revisions/rev_7e2ce69_cd393a3/rev_7e2ce69-cd393a3.revisions;471;277;0;277;2;194;194;0;0;0;0;0;21
/experiment_results/projects/async-http-client/revisions/rev_7d3ae72_2b69a4a/rev_7d3ae72-2b69a4a.revisions;477;277;0;277;2;200;199;1;0;0;0;0;21
/experiment_results/projects/async-http-client/revisions/rev_6f8e8f3_4f85274/rev_6f8e8f3-4f85274.revisions;482;277;0;277;2;205;205;0;0;0;0;0;21
/experiment_results/projects/async-http-client/revisions/rev_0ec6009_59cf993/rev_0ec6009-59cf993.revisions;482;277;0;277;2;205;205;0;0;0;0;0;21
/experiment_results/projects/async-http-client/revisions/rev_f4768d0_92010b5/rev_f4768d0-92010b5.revisions;484;277;0;277;2;207;206;1;0;0;0;0;21
/experiment_results/projects/async-http-client/revisions/rev_bb61cd4_be7ae9a/rev_bb61cd4-be7ae9a.revisions;495;278;0;278;2;217;214;3;0;1;3;1;21
/experiment_results/projects/async-http-client/revisions/rev_a7b0fcd_f715493/rev_a7b0fcd-f715493.revisions;498;278;0;278;2;220;219;1;0;0;0;0;21
/experiment_results/projects/async-http-client/revisions/rev_e076599_9f48391/rev_e076599-9f48391.revisions;501;278;0;278;2;223;223;0;0;0;0;0;21
/experiment_results/projects/async-http-client/revisions/rev_082283f_c766c38/rev_082283f-c766c38.revisions;503;278;0;278;2;225;224;1;0;0;0;0;21
/experiment_results/projects/async-http-client/revisions/rev_0ff3ce5_95fc68b/rev_0ff3ce5-95fc68b.revisions;501;278;0;278;2;223;221;2;0;1;6;1;21
/experiment_results/projects/async-http-client/revisions/rev_ddd77a0_6ced4b8/rev_ddd77a0-6ced4b8.revisions;511;281;0;281;2;230;230;0;0;0;0;0;21
/experiment_results/projects/async-http-client/revisions/rev_ed7bffc_d9b690d/rev_ed7bffc-d9b690d.revisions;512;281;0;281;3;231;231;0;0;0;0;0;21
/experiment_results/projects/async-http-client/revisions/rev_c3651ee_4d2ab70/rev_c3651ee-4d2ab70.revisions;511;281;0;281;2;230;228;2;0;0;2;0;21
/experiment_results/projects/async-http-client/revisions/rev_d6ee389_a31de48/rev_d6ee389-a31de48.revisions;512;281;0;281;2;231;231;0;0;0;0;0;21
/experiment_results/projects/async-http-client/revisions/rev_5ad8256_849b3ba/rev_5ad8256-849b3ba.revisions;512;281;0;281;2;231;231;0;0;0;0;0;21
/experiment_results/projects/async-http-client/revisions/rev_230933c_49c29c4/rev_230933c-49c29c4.revisions;513;281;0;281;2;232;231;1;0;0;1;0;22
/experiment_results/projects/async-http-client/revisions/rev_49c29c4_b6d4dfb/rev_49c29c4-b6d4dfb.revisions;513;281;0;281;2;232;232;0;0;0;0;0;21
/experiment_results/projects/async-http-client/revisions/rev_4ef7b44_54310ce/rev_4ef7b44-54310ce.revisions;513;281;0;281;2;232;232;0;0;0;0;0;21
/experiment_results/projects/async-http-client/revisions/rev_a0a75dc_eca66ea/rev_a0a75dc-eca66ea.revisions;564;281;0;281;2;283;283;0;0;0;0;0;21
/experiment_results/projects/async-http-client/revisions/rev_2be790b_7f466b4/rev_2be790b-7f466b4.revisions;564;281;0;281;2;283;283;0;0;0;0;0;21
/experiment_results/projects/async-http-client/revisions/rev_d4e7833_3407e5c/rev_d4e7833-3407e5c.revisions;564;281;0;281;2;283;279;4;0;0;16;0;21
/experiment_results/projects/async-http-client/revisions/rev_b2ff86b_efe60cb/rev_b2ff86b-efe60cb.revisions;564;281;0;281;2;283;283;0;0;0;0;0;21
/experiment_results/projects/async-http-client/revisions/rev_f973ff2_f830861/rev_f973ff2-f830861.revisions;564;281;0;281;2;283;283;0;0;0;0;0;21
/experiment_results/projects/async-http-client/revisions/rev_44ef934_3287745/rev_44ef934-3287745.revisions;566;281;0;281;2;285;285;0;0;0;0;0;21
/experiment_results/projects/async-http-client/revisions/rev_3d36dba_32ed634/rev_3d36dba-32ed634.revisions;567;281;0;281;2;286;286;0;0;0;0;0;21
/experiment_results/projects/async-http-client/revisions/rev_fbf9ca5_7dd076c/rev_fbf9ca5-7dd076c.revisions;567;281;0;281;2;286;286;0;0;0;0;0;21
/experiment_results/projects/async-http-client/revisions/rev_f2d8031_7732db4/rev_f2d8031-7732db4.revisions;567;281;0;281;2;286;286;0;0;0;0;0;21
/experiment_results/projects/async-http-client/revisions/rev_5cf40ee_a70bd89/rev_5cf40ee-a70bd89.revisions;567;281;0;281;2;286;286;0;0;0;0;0;21
/experiment_results/projects/async-http-client/revisions/rev_25dcb3b_eb5eb2c/rev_25dcb3b-eb5eb2c.revisions;567;281;0;281;2;286;286;0;0;0;0;0;21
/experiment_results/projects/async-http-client/revisions/rev_35a7a7d_a6caf68/rev_35a7a7d-a6caf68.revisions;567;281;0;281;2;286;286;0;0;0;0;0;21
/experiment_results/projects/async-http-client/revisions/rev_6e714f4_0963b7d/rev_6e714f4-0963b7d.revisions;567;281;0;281;2;286;285;1;0;0;0;0;21
/experiment_results/projects/async-http-client/revisions/rev_0963b7d_e5be9b6/rev_0963b7d-e5be9b6.revisions;567;281;0;281;2;286;286;0;0;0;0;0;21
/experiment_results/projects/async-http-client/revisions/rev_0a09ae7_8264af0/rev_0a09ae7-8264af0.revisions;567;281;0;281;2;286;286;0;0;0;0;0;21
/experiment_results/projects/async-http-client/revisions/rev_2206977_4e6e58f/rev_2206977-4e6e58f.revisions;567;281;0;281;2;286;286;0;0;0;0;0;21
/experiment_results/projects/async-http-client/revisions/rev_241dc36_aff740c/rev_241dc36-aff740c.revisions;567;281;0;281;2;286;286;0;0;0;0;0;21
/experiment_results/projects/async-http-client/revisions/rev_d81c72d_ed2cd62/rev_d81c72d-ed2cd62.revisions;567;281;0;281;2;286;282;4;0;2;2;1;22
/experiment_results/projects/async-http-client/revisions/rev_ed2cd62_81a598e/rev_ed2cd62-81a598e.revisions;567;281;0;281;2;286;286;0;0;0;0;0;21
/experiment_results/projects/async-http-client/revisions/rev_3c1e8ae_b4616f2/rev_3c1e8ae-b4616f2.revisions;598;281;0;281;2;317;304;13;0;0;41;0;22
/experiment_results/projects/async-http-client/revisions/rev_a69bf5c_ffe26a1/rev_a69bf5c-ffe26a1.revisions;598;281;0;281;2;317;317;0;0;0;0;0;21
/experiment_results/projects/async-http-client/revisions/rev_0debb0f_db8e48c/rev_0debb0f-db8e48c.revisions;598;281;0;281;2;317;317;0;0;0;0;0;21
/experiment_results/projects/async-http-client/revisions/rev_1217e17_5e3844a/rev_1217e17-5e3844a.revisions;588;281;0;281;2;307;307;0;0;0;0;0;21
/experiment_results/projects/async-http-client/revisions/rev_9112398_ad9d355/rev_9112398-ad9d355.revisions;588;281;0;281;2;307;307;0;0;0;0;0;21
/experiment_results/projects/async-http-client/revisions/rev_c3ec1d6_976795d/rev_c3ec1d6-976795d.revisions;604;297;0;297;2;307;307;0;0;0;0;0;21
/experiment_results/projects/async-http-client/revisions/rev_b8dd1c9_962297e/rev_b8dd1c9-962297e.revisions;602;295;0;295;2;307;307;0;0;0;0;0;21
/experiment_results/projects/async-http-client/revisions/rev_c0f338c_15f0676/rev_c0f338c-15f0676.revisions;605;295;0;295;2;310;310;0;0;0;0;0;21
/experiment_results/projects/async-http-client/revisions/rev_9e5e4ec_d7a1f8e/rev_9e5e4ec-d7a1f8e.revisions;605;295;0;295;2;310;310;0;0;0;0;0;21
/experiment_results/projects/async-http-client/revisions/rev_e058017_07d2fa3/rev_e058017-07d2fa3.revisions;606;295;0;295;2;311;311;0;0;0;0;0;21
/experiment_results/projects/async-http-client/revisions/rev_72a080a_29d812e/rev_72a080a-29d812e.revisions;606;295;0;295;2;311;311;0;0;0;0;0;21
/experiment_results/projects/async-http-client/revisions/rev_392dd48_76b5120/rev_392dd48-76b5120.revisions;606;295;0;295;2;311;311;0;0;0;0;0;21
/experiment_results/projects/async-http-client/revisions/rev_a265f5f_29177e3/rev_a265f5f-29177e3.revisions;607;295;0;295;2;312;312;0;0;0;0;0;21
/experiment_results/projects/async-http-client/revisions/rev_06c70ad_0191718/rev_06c70ad-0191718.revisions;607;295;0;295;2;312;311;1;0;0;0;0;21
/experiment_results/projects/async-http-client/revisions/rev_a593230_9392473/rev_a593230-9392473.revisions;607;295;0;295;2;312;311;1;0;0;0;0;21
/experiment_results/projects/async-http-client/revisions/rev_0de073a_4cbe990/rev_0de073a-4cbe990.revisions;607;295;0;295;2;312;312;0;0;0;0;0;21
/experiment_results/projects/async-http-client/revisions/rev_43be7e2_26ba9f5/rev_43be7e2-26ba9f5.revisions;607;295;0;295;2;312;312;0;0;0;0;0;21
/experiment_results/projects/async-http-client/revisions/rev_bb2a7bb_86b19a5/rev_bb2a7bb-86b19a5.revisions;611;295;0;295;2;316;316;0;0;0;0;0;21
/experiment_results/projects/async-http-client/revisions/rev_0245ef3_1bf36f4/rev_0245ef3-1bf36f4.revisions;611;295;0;295;2;316;316;0;0;0;0;0;21
/experiment_results/projects/async-http-client/revisions/rev_a93d61e_bfc5866/rev_a93d61e-bfc5866.revisions;611;295;0;295;2;316;316;0;0;0;0;0;21
/experiment_results/projects/async-http-client/revisions/rev_64cdeb2_cacd726/rev_64cdeb2-cacd726.revisions;611;295;0;295;2;316;315;1;0;0;0;0;21
/experiment_results/projects/async-http-client/revisions/rev_9b0e390_4b2d2d5/rev_9b0e390-4b2d2d5.revisions;610;295;0;295;2;315;315;0;0;0;0;0;21
/experiment_results/projects/async-http-client/revisions/rev_55ece6d_951b1d8/rev_55ece6d-951b1d8.revisions;611;295;0;295;2;316;314;2;0;0;0;0;21
/experiment_results/projects/async-http-client/revisions/rev_ca59da0_5255aaf/rev_ca59da0-5255aaf.revisions;611;295;0;295;2;316;315;1;0;0;0;0;21
/experiment_results/projects/async-http-client/revisions/rev_333de99_7f95822/rev_333de99-7f95822.revisions;614;295;0;295;2;319;319;0;0;0;0;0;21
/experiment_results/projects/async-http-client/revisions/rev_8194daf_21b7843/rev_8194daf-21b7843.revisions;614;295;0;295;2;319;319;0;0;0;0;0;21
/experiment_results/projects/async-http-client/revisions/rev_743e746_477bb3a/rev_743e746-477bb3a.revisions;614;295;0;295;3;319;309;10;0;0;17;0;21
/experiment_results/projects/async-http-client/revisions/rev_e1232e0_a93f3a4/rev_e1232e0-a93f3a4.revisions;614;295;0;295;2;319;319;0;0;0;0;0;21
/experiment_results/projects/async-http-client/revisions/rev_ee8c6ea_71fb642/rev_ee8c6ea-71fb642.revisions;640;321;0;321;2;319;319;0;0;0;0;0;21
/experiment_results/projects/async-http-client/revisions/rev_6d16499_4c86795/rev_6d16499-4c86795.revisions;640;321;0;321;2;319;319;0;0;0;0;0;21
/experiment_results/projects/async-http-client/revisions/rev_c855412_1cf8d00/rev_c855412-1cf8d00.revisions;641;322;0;322;2;319;318;1;0;0;0;0;21
/experiment_results/projects/async-http-client/revisions/rev_f0affeb_b1a8667/rev_f0affeb-b1a8667.revisions;641;322;0;322;2;319;319;0;0;0;0;0;21
/experiment_results/projects/async-http-client/revisions/rev_a96602a_22b7ac5/rev_a96602a-22b7ac5.revisions;641;322;0;322;2;319;319;0;0;0;0;0;21
/experiment_results/projects/async-http-client/revisions/rev_6faa1f8_3df88ef/rev_6faa1f8-3df88ef.revisions;641;322;0;322;2;319;318;1;0;0;0;0;21
/experiment_results/projects/async-http-client/revisions/rev_0631899_2d70a39/rev_0631899-2d70a39.revisions;641;322;0;322;2;319;319;0;0;0;0;0;21
/experiment_results/projects/async-http-client/revisions/rev_ed98538_219ef7b/rev_ed98538-219ef7b.revisions;641;322;0;322;2;319;319;0;0;0;0;0;21
/experiment_results/projects/async-http-client/revisions/rev_b46b0b6_299c87e/rev_b46b0b6-299c87e.revisions;641;322;0;322;2;319;319;0;0;0;0;0;21
/experiment_results/projects/async-http-client/revisions/rev_4cba52d_677afc6/rev_4cba52d-677afc6.revisions;641;322;0;322;2;319;319;0;0;0;0;0;21
/experiment_results/projects/async-http-client/revisions/rev_1b2f114_900a8da/rev_1b2f114-900a8da.revisions;641;322;0;322;2;319;319;0;0;0;0;0;21
/experiment_results/projects/async-http-client/revisions/rev_029ca1f_5f70ea8/rev_029ca1f-5f70ea8.revisions;641;322;0;322;2;319;319;0;0;0;0;0;21
/experiment_results/projects/async-http-client/revisions/rev_39ab2a3_05159b5/rev_39ab2a3-05159b5.revisions;641;322;0;322;2;319;319;0;0;0;0;0;21
/experiment_results/projects/async-http-client/revisions/rev_3f9f613_1c8442a/rev_3f9f613-1c8442a.revisions;641;322;0;322;2;319;319;0;0;0;0;0;21
/experiment_results/projects/async-http-client/revisions/rev_9a07c55_f4d8767/rev_9a07c55-f4d8767.revisions;641;322;0;322;2;319;319;0;0;0;0;0;21
/experiment_results/projects/async-http-client/revisions/rev_ef9f36b_4a67d1b/rev_ef9f36b-4a67d1b.revisions;642;322;0;322;2;320;320;0;0;0;0;0;21
/experiment_results/projects/async-http-client/revisions/rev_f258370_9af5921/rev_f258370-9af5921.revisions;641;322;0;322;2;319;319;0;0;0;0;0;21
/experiment_results/projects/async-http-client/revisions/rev_a68e9a0_d3d5f54/rev_a68e9a0-d3d5f54.revisions;643;322;0;322;2;321;321;0;0;0;0;0;21
/experiment_results/projects/async-http-client/revisions/rev_8bde24e_6eccf6a/rev_8bde24e-6eccf6a.revisions;644;322;0;322;2;322;322;0;0;0;0;0;21
/experiment_results/projects/async-http-client/revisions/rev_d8254d3_b514542/rev_d8254d3-b514542.revisions;644;322;0;322;2;322;322;0;0;0;0;0;21
/experiment_results/projects/async-http-client/revisions/rev_ad14a83_6c556c8/rev_ad14a83-6c556c8.revisions;644;322;0;322;2;322;322;0;0;0;0;0;21
/experiment_results/projects/async-http-client/revisions/rev_d3aebfc_5b8a7fa/rev_d3aebfc-5b8a7fa.revisions;644;322;0;322;2;322;322;0;0;0;0;0;21
/experiment_results/projects/async-http-client/revisions/rev_8d3622b_9087e43/rev_8d3622b-9087e43.revisions;644;322;0;322;2;322;322;0;0;0;0;0;21
/experiment_results/projects/async-http-client/revisions/rev_d981062_b6433d2/rev_d981062-b6433d2.revisions;644;322;0;322;2;322;322;0;0;0;0;0;21
/experiment_results/projects/async-http-client/revisions/rev_5238e80_54f1ce8/rev_5238e80-54f1ce8.revisions;644;322;0;322;2;322;322;0;0;0;0;0;21
/experiment_results/projects/async-http-client/revisions/rev_483e4e7_af7c197/rev_483e4e7-af7c197.revisions;644;322;0;322;2;322;322;0;0;0;0;0;21
/experiment_results/projects/async-http-client/revisions/rev_366f0ce_ec14af8/rev_366f0ce-ec14af8.revisions;644;322;0;322;2;322;322;0;0;0;0;0;21
/experiment_results/projects/async-http-client/revisions/rev_3c3695d_a16dd92/rev_3c3695d-a16dd92.revisions;645;322;0;322;2;323;322;1;0;0;0;0;21
/experiment_results/projects/async-http-client/revisions/rev_a16dd92_6b6e593/rev_a16dd92-6b6e593.revisions;645;322;0;322;2;323;323;0;0;0;0;0;21
/experiment_results/projects/async-http-client/revisions/rev_4782f0c_0bc1880/rev_4782f0c-0bc1880.revisions;645;322;0;322;2;323;323;0;0;0;0;0;21
/experiment_results/projects/async-http-client/revisions/rev_05ae8da_65d3abc/rev_05ae8da-65d3abc.revisions;647;322;0;322;2;325;325;0;0;0;0;0;21
/experiment_results/projects/async-http-client/revisions/rev_6f8a4c3_1f4b541/rev_6f8a4c3-1f4b541.revisions;645;322;0;322;2;323;322;1;0;0;0;0;21
/experiment_results/projects/async-http-client/revisions/rev_e01620a_c431fc1/rev_e01620a-c431fc1.revisions;647;322;0;322;2;325;325;0;0;0;0;0;21
/experiment_results/projects/async-http-client/revisions/rev_98872c9_1f2cc2c/rev_98872c9-1f2cc2c.revisions;647;322;0;322;2;325;325;0;0;0;0;0;21
/experiment_results/projects/async-http-client/revisions/rev_8c36594_75a23e9/rev_8c36594-75a23e9.revisions;647;322;0;322;2;325;325;0;0;0;0;0;21
/experiment_results/projects/async-http-client/revisions/rev_005c666_7204f93/rev_005c666-7204f93.revisions;650;324;0;324;2;326;326;0;0;0;0;0;21
/experiment_results/projects/async-http-client/revisions/rev_f7a6c68_6deae2e/rev_f7a6c68-6deae2e.revisions;654;324;0;324;2;330;327;3;0;0;0;0;21
/experiment_results/projects/async-http-client/revisions/rev_12d9d77_c83340c/rev_12d9d77-c83340c.revisions;663;335;0;335;2;328;328;0;0;0;0;0;21
/experiment_results/projects/async-http-client/revisions/rev_c71e052_4a56d5c/rev_c71e052-4a56d5c.revisions;740;335;0;335;2;405;405;0;0;0;0;0;21
/experiment_results/projects/async-http-client/revisions/rev_9908f3e_f6b341a/rev_9908f3e-f6b341a.revisions;663;337;0;337;2;326;326;0;0;0;0;0;21
/experiment_results/projects/async-http-client/revisions/rev_1e00231_ce896c8/rev_1e00231-ce896c8.revisions;747;336;0;336;2;411;411;0;0;0;0;0;21
/experiment_results/projects/async-http-client/revisions/rev_5ad1842_99e10eb/rev_5ad1842-99e10eb.revisions;667;337;0;337;2;330;330;0;0;0;0;0;21
/experiment_results/projects/async-http-client/revisions/rev_c9b680e_ce0e245/rev_c9b680e-ce0e245.revisions;747;336;0;336;2;411;411;0;0;0;0;0;21
/experiment_results/projects/async-http-client/revisions/rev_9af2694_c087476/rev_9af2694-c087476.revisions;747;336;0;336;2;411;411;0;0;0;0;0;21
/experiment_results/projects/async-http-client/revisions/rev_1404672_fd2ecfd/rev_1404672-fd2ecfd.revisions;752;336;0;336;2;416;416;0;0;0;0;0;21
/experiment_results/projects/async-http-client/revisions/rev_252e7bf_736f257/rev_252e7bf-736f257.revisions;779;335;0;335;2;444;444;0;0;0;0;0;21
/experiment_results/projects/async-http-client/revisions/rev_67e9bc7_358a58e/rev_67e9bc7-358a58e.revisions;779;335;0;335;2;444;444;0;0;0;0;0;21
/experiment_results/projects/async-http-client/revisions/rev_22ac9b4_75c9d22/rev_22ac9b4-75c9d22.revisions;781;335;0;335;2;446;446;0;0;0;0;0;21
/experiment_results/projects/async-http-client/revisions/rev_0231cbf_ee8e7d2/rev_0231cbf-ee8e7d2.revisions;781;335;0;335;2;446;446;0;0;0;0;0;21
/experiment_results/projects/async-http-client/revisions/rev_c717f06_2326e09/rev_c717f06-2326e09.revisions;782;335;0;335;2;447;447;0;0;0;0;0;21
/experiment_results/projects/async-http-client/revisions/rev_6a7dec8_3af32fa/rev_6a7dec8-3af32fa.revisions;797;335;0;335;2;462;462;0;0;0;0;0;21
/experiment_results/projects/async-http-client/revisions/rev_e4c5c77_0f76156/rev_e4c5c77-0f76156.revisions;708;324;0;324;2;384;384;0;0;0;0;0;21
/experiment_results/projects/async-http-client/revisions/rev_2d6b22a_81383ff/rev_2d6b22a-81383ff.revisions;709;324;0;324;2;385;385;0;0;0;0;0;21
/experiment_results/projects/async-http-client/revisions/rev_4d3a146_ed9f9b3/rev_4d3a146-ed9f9b3.revisions;708;324;0;324;2;384;384;0;0;0;0;0;21
/experiment_results/projects/async-http-client/revisions/rev_0f30a10_d7fc5ee/rev_0f30a10-d7fc5ee.revisions;709;324;0;324;2;385;385;0;0;0;0;0;21
/experiment_results/projects/async-http-client/revisions/rev_f4ad6ad_7fbefe3/rev_f4ad6ad-7fbefe3.revisions;709;324;0;324;2;385;385;0;0;0;0;0;21
/experiment_results/projects/async-http-client/revisions/rev_802cf25_618cc06/rev_802cf25-618cc06.revisions;714;324;0;324;2;390;390;0;0;0;0;0;21
/experiment_results/projects/async-http-client/revisions/rev_3ac39be_55f8e7c/rev_3ac39be-55f8e7c.revisions;714;324;0;324;2;390;390;0;0;0;0;0;21
/experiment_results/projects/async-http-client/revisions/rev_a3444e5_1eb2d1d/rev_a3444e5-1eb2d1d.revisions;714;324;0;324;2;390;390;0;0;0;0;0;21
/experiment_results/projects/async-http-client/revisions/rev_5a21fcf_30d893a/rev_5a21fcf-30d893a.revisions;712;324;0;324;2;388;388;0;0;0;0;0;21
/experiment_results/projects/async-http-client/revisions/rev_840dbb2_2fd0f67/rev_840dbb2-2fd0f67.revisions;722;324;0;324;2;398;398;0;0;0;0;0;21
/experiment_results/projects/async-http-client/revisions/rev_d55e167_4e2d2c4/rev_d55e167-4e2d2c4.revisions;722;324;0;324;2;398;398;0;0;0;0;0;21
/experiment_results/projects/async-http-client/revisions/rev_9588664_dde2376/rev_9588664-dde2376.revisions;724;324;0;324;2;400;400;0;0;0;0;0;21
/experiment_results/projects/async-http-client/revisions/rev_608972c_90b561e/rev_608972c-90b561e.revisions;724;324;0;324;2;400;400;0;0;0;0;0;21
/experiment_results/projects/async-http-client/revisions/rev_db40594_ba9723b/rev_db40594-ba9723b.revisions;738;324;0;324;2;414;414;0;0;0;0;0;21
/experiment_results/projects/async-http-client/revisions/rev_c0ecce0_3df41bf/rev_c0ecce0-3df41bf.revisions;724;324;0;324;2;400;400;0;0;0;0;0;21
/experiment_results/projects/async-http-client/revisions/rev_595a061_2ae3bcf/rev_595a061-2ae3bcf.revisions;738;324;0;324;2;414;414;0;0;0;0;0;21
/experiment_results/projects/async-http-client/revisions/rev_90b561e_c9b5391/rev_90b561e-c9b5391.revisions;738;324;0;324;2;414;414;0;0;0;0;0;21
/experiment_results/projects/async-http-client/revisions/rev_c9b5391_bbdc1b3/rev_c9b5391-bbdc1b3.revisions;738;324;0;324;2;414;414;0;0;0;0;0;21
/experiment_results/projects/async-http-client/revisions/rev_3c9152e_d6a16a5/rev_3c9152e-d6a16a5.revisions;741;324;0;324;2;417;417;0;0;0;0;0;21
/experiment_results/projects/async-http-client/revisions/rev_285c2f8_8e4d787/rev_285c2f8-8e4d787.revisions;741;324;0;324;2;417;417;0;0;0;0;0;21
/experiment_results/projects/async-http-client/revisions/rev_63c5141_bdaddbc/rev_63c5141-bdaddbc.revisions;741;324;0;324;2;417;417;0;0;0;0;0;21
/experiment_results/projects/async-http-client/revisions/rev_9aba8ca_54869e7/rev_9aba8ca-54869e7.revisions;741;324;0;324;2;417;417;0;0;0;0;0;21
/experiment_results/projects/async-http-client/revisions/rev_3b4aa0c_aaf7c17/rev_3b4aa0c-aaf7c17.revisions;741;324;0;324;2;417;417;0;0;0;0;0;21
/experiment_results/projects/async-http-client/revisions/rev_2eeb0e2_77be69e/rev_2eeb0e2-77be69e.revisions;738;324;0;324;2;414;414;0;0;0;0;0;21
/experiment_results/projects/async-http-client/revisions/rev_01e61a1_df6ed70/rev_01e61a1-df6ed70.revisions;745;324;0;324;2;421;421;0;0;0;0;0;21
/experiment_results/projects/async-http-client/revisions/rev_1a3c9a9_26b5883/rev_1a3c9a9-26b5883.revisions;746;324;0;324;2;422;422;0;0;0;0;0;21
/experiment_results/projects/async-http-client/revisions/rev_c04abac_c5e9d8f/rev_c04abac-c5e9d8f.revisions;746;324;0;324;2;422;422;0;0;0;0;0;21
/experiment_results/projects/async-http-client/revisions/rev_d677d01_7ac0ecd/rev_d677d01-7ac0ecd.revisions;745;324;0;324;2;421;419;2;0;0;2;0;21
/experiment_results/projects/async-http-client/revisions/rev_6233657_e89c646/rev_6233657-e89c646.revisions;746;324;0;324;2;422;422;0;0;0;0;0;21
/experiment_results/projects/async-http-client/revisions/rev_ecb374a_b11c7e3/rev_ecb374a-b11c7e3.revisions;749;324;0;324;2;425;424;1;0;0;0;0;21
/experiment_results/projects/async-http-client/revisions/rev_cdd9574_b175f06/rev_cdd9574-b175f06.revisions;759;328;0;328;2;431;429;2;0;0;2;0;21
/experiment_results/projects/async-http-client/revisions/rev_fc44623_ee816f0/rev_fc44623-ee816f0.revisions;760;328;0;328;2;432;432;0;0;0;0;0;21
/experiment_results/projects/async-http-client/revisions/rev_2572b35_9ca6a38/rev_2572b35-9ca6a38.revisions;762;328;0;328;2;434;434;0;0;0;0;0;21
/experiment_results/projects/async-http-client/revisions/rev_19d8be8_d31503a/rev_19d8be8-d31503a.revisions;761;328;0;328;2;433;433;0;0;0;0;0;21
/experiment_results/projects/async-http-client/revisions/rev_77589fd_d663dfb/rev_77589fd-d663dfb.revisions;761;328;0;328;2;433;433;0;0;0;0;0;21
/experiment_results/projects/async-http-client/revisions/rev_39c696c_be2a6e6/rev_39c696c-be2a6e6.revisions;761;328;0;328;2;433;433;0;0;0;0;0;21
/experiment_results/projects/async-http-client/revisions/rev_173ff5d_d05f0cf/rev_173ff5d-d05f0cf.revisions;762;328;0;328;2;434;434;0;0;0;0;0;21
/experiment_results/projects/async-http-client/revisions/rev_f95a4e3_ff8ccc4/rev_f95a4e3-ff8ccc4.revisions;762;328;0;328;2;434;434;0;0;0;0;0;21
/experiment_results/projects/async-http-client/revisions/rev_7e0d370_baa5788/rev_7e0d370-baa5788.revisions;764;328;0;328;2;436;436;0;0;0;0;0;21
/experiment_results/projects/async-http-client/revisions/rev_9802ce7_15e4e65/rev_9802ce7-15e4e65.revisions;886;341;0;341;2;545;545;0;0;0;0;0;21
/experiment_results/projects/async-http-client/revisions/rev_3231440_e1cb146/rev_3231440-e1cb146.revisions;886;341;0;341;2;545;545;0;0;0;0;0;21
/experiment_results/projects/async-http-client/revisions/rev_87eb353_cb4fe6e/rev_87eb353-cb4fe6e.revisions;769;330;0;330;2;439;439;0;0;0;0;0;21
/experiment_results/projects/async-http-client/revisions/rev_9cb79fe_177c34a/rev_9cb79fe-177c34a.revisions;787;330;0;330;2;457;437;0;20;0;0;0;21
/experiment_results/projects/async-http-client/revisions/rev_a84e03b_24deb70/rev_a84e03b-24deb70.revisions;770;330;0;330;2;440;440;0;0;0;0;0;21
/experiment_results/projects/async-http-client/revisions/rev_1b7c9e1_09e19db/rev_1b7c9e1-09e19db.revisions;770;330;0;330;2;440;440;0;0;0;0;0;21
/experiment_results/projects/async-http-client/revisions/rev_24deb70_adc0354/rev_24deb70-adc0354.revisions;770;330;0;330;2;440;440;0;0;0;0;0;21
/experiment_results/projects/async-http-client/revisions/rev_adc0354_00f9f65/rev_adc0354-00f9f65.revisions;770;330;0;330;2;440;440;0;0;0;0;0;21
/experiment_results/projects/async-http-client/revisions/rev_0ec7a5c_d7fdb38/rev_0ec7a5c-d7fdb38.revisions;770;330;0;330;2;440;440;0;0;0;0;0;21
/experiment_results/projects/async-http-client/revisions/rev_fa2c4b6_251cb18/rev_fa2c4b6-251cb18.revisions;775;330;0;330;2;445;434;5;6;1;49;1;21
/experiment_results/projects/async-http-client/revisions/rev_281cd4e_16997aa/rev_281cd4e-16997aa.revisions;760;312;0;312;2;448;448;0;0;0;0;0;21
/experiment_results/projects/async-http-client/revisions/rev_782f365_b00f35f/rev_782f365-b00f35f.revisions;763;312;0;312;2;451;447;0;4;0;0;0;21
/experiment_results/projects/async-http-client/revisions/rev_a941ebd_aa1afe0/rev_a941ebd-aa1afe0.revisions;761;312;0;312;2;449;449;0;0;0;0;0;21
/experiment_results/projects/async-http-client/revisions/rev_19d157a_16c040d/rev_19d157a-16c040d.revisions;761;312;0;312;2;449;449;0;0;0;0;0;21
/experiment_results/projects/async-http-client/revisions/rev_f4d0faa_13b75ef/rev_f4d0faa-13b75ef.revisions;762;312;0;312;2;450;450;0;0;0;0;0;21
/experiment_results/projects/async-http-client/revisions/rev_1bd2a25_a456436/rev_1bd2a25-a456436.revisions;762;312;0;312;2;450;450;0;0;0;0;0;21
/experiment_results/projects/async-http-client/revisions/rev_bfef2b3_6d288b0/rev_bfef2b3-6d288b0.revisions;763;312;0;312;2;451;451;0;0;0;0;0;21
/experiment_results/projects/async-http-client/revisions/rev_b5613c9_a2521fa/rev_b5613c9-a2521fa.revisions;763;312;0;312;2;451;451;0;0;0;0;0;21
/experiment_results/projects/async-http-client/revisions/rev_47ae1e3_3ab8643/rev_47ae1e3-3ab8643.revisions;763;312;0;312;2;451;451;0;0;0;0;0;21
/experiment_results/projects/async-http-client/revisions/rev_afa7418_dbd3971/rev_afa7418-dbd3971.revisions;767;312;0;312;2;455;455;0;0;0;0;0;21
/experiment_results/projects/async-http-client/revisions/rev_e8060d1_6875ff2/rev_e8060d1-6875ff2.revisions;764;313;0;313;2;451;451;0;0;0;0;0;21
/experiment_results/projects/async-http-client/revisions/rev_83ed98e_71c658c/rev_83ed98e-71c658c.revisions;768;313;0;313;2;455;455;0;0;0;0;0;21
/experiment_results/projects/async-http-client/revisions/rev_a83c79e_6475545/rev_a83c79e-6475545.revisions;780;313;0;313;2;467;467;0;0;0;0;0;21
/experiment_results/projects/async-http-client/revisions/rev_fddb637_0207f0a/rev_fddb637-0207f0a.revisions;575;290;0;290;2;285;285;0;0;0;0;0;21
/experiment_results/projects/async-http-client/revisions/rev_34564c2_ebdc1fe/rev_34564c2-ebdc1fe.revisions;575;290;0;290;2;285;285;0;0;0;0;0;21
/experiment_results/projects/async-http-client/revisions/rev_5b0cdc5_506c073/rev_5b0cdc5-506c073.revisions;578;291;0;291;2;287;287;0;0;0;0;0;21
/experiment_results/projects/async-http-client/revisions/rev_99e4818_ba98d83/rev_99e4818-ba98d83.revisions;588;291;0;291;2;297;297;0;0;0;0;0;21
/experiment_results/projects/async-http-client/revisions/rev_e17f8d9_6213e61/rev_e17f8d9-6213e61.revisions;590;291;0;291;2;299;299;0;0;0;0;0;21
/experiment_results/projects/async-http-client/revisions/rev_98c79b2_669db2b/rev_98c79b2-669db2b.revisions;596;291;0;291;2;305;305;0;0;0;0;0;21
/experiment_results/projects/async-http-client/revisions/rev_572246c_7438fad/rev_572246c-7438fad.revisions;596;291;0;291;2;305;305;0;0;0;0;0;21
/experiment_results/projects/async-http-client/revisions/rev_1b15655_ad3cdbf/rev_1b15655-ad3cdbf.revisions;603;291;0;291;2;312;312;0;0;0;0;0;21
/experiment_results/projects/async-http-client/revisions/rev_4ad1727_ffdbe28/rev_4ad1727-ffdbe28.revisions;593;296;0;296;2;297;297;0;0;0;0;0;21
/experiment_results/projects/async-http-client/revisions/rev_d7036d4_16293ee/rev_d7036d4-16293ee.revisions;682;296;0;296;2;386;386;0;0;0;0;0;21
/experiment_results/projects/async-http-client/revisions/rev_fbc6d48_86948f6/rev_fbc6d48-86948f6.revisions;689;298;0;298;2;391;391;0;0;0;0;0;22
/experiment_results/projects/async-http-client/revisions/rev_3db03c3_7ad5b0c/rev_3db03c3-7ad5b0c.revisions;689;298;0;298;2;391;391;0;0;0;0;0;22
/experiment_results/projects/async-http-client/revisions/rev_7a4d0f4_766b4d6/rev_7a4d0f4-766b4d6.revisions;689;298;0;298;2;391;391;0;0;0;0;0;21
/experiment_results/projects/async-http-client/revisions/rev_4c8b39a_d680ba2/rev_4c8b39a-d680ba2.revisions;689;298;0;298;2;391;391;0;0;0;0;0;21
/experiment_results/projects/async-http-client/revisions/rev_b97ea44_a7e1be1/rev_b97ea44-a7e1be1.revisions;706;299;0;299;2;407;407;0;0;0;0;0;21
/experiment_results/projects/async-http-client/revisions/rev_9bfe957_5cfb0be/rev_9bfe957-5cfb0be.revisions;706;299;0;299;2;407;407;0;0;0;0;0;21
/experiment_results/projects/async-http-client/revisions/rev_45e074c_b53b43e/rev_45e074c-b53b43e.revisions;697;299;0;299;2;398;398;0;0;0;0;0;21
/experiment_results/projects/async-http-client/revisions/rev_1e0ac60_23a7306/rev_1e0ac60-23a7306.revisions;708;299;0;299;2;409;409;0;0;0;0;0;21
/experiment_results/projects/async-http-client/revisions/rev_6a3c91c_d80cfef/rev_6a3c91c-d80cfef.revisions;709;300;0;300;2;409;409;0;0;0;0;0;21
/experiment_results/projects/async-http-client/revisions/rev_9d4599d_e83e96c/rev_9d4599d-e83e96c.revisions;710;300;0;300;2;410;410;0;0;0;0;0;21
/experiment_results/projects/async-http-client/revisions/rev_67f1cd6_837e84a/rev_67f1cd6-837e84a.revisions;710;300;0;300;2;410;410;0;0;0;0;0;21
/experiment_results/projects/async-http-client/revisions/rev_ebd014f_233bb20/rev_ebd014f-233bb20.revisions;710;300;0;300;2;410;410;0;0;0;0;0;21
/experiment_results/projects/async-http-client/revisions/rev_d6d600a_f20d1e3/rev_d6d600a-f20d1e3.revisions;714;302;0;302;2;412;412;0;0;0;0;0;21
/experiment_results/projects/async-http-client/revisions/rev_f09e5c8_2f95530/rev_f09e5c8-2f95530.revisions;714;302;0;302;2;412;412;0;0;0;0;0;21
/experiment_results/projects/async-http-client/revisions/rev_82e1f6d_9bcb2d2/rev_82e1f6d-9bcb2d2.revisions;754;303;0;303;2;451;411;0;40;0;0;0;21
/experiment_results/projects/async-http-client/revisions/rev_1b52e32_f6703be/rev_1b52e32-f6703be.revisions;718;302;0;302;2;416;416;0;0;0;0;0;21
/experiment_results/projects/async-http-client/revisions/rev_7c8ecfe_0f4862f/rev_7c8ecfe-0f4862f.revisions;721;302;0;302;2;419;419;0;0;0;0;0;21
/experiment_results/projects/async-http-client/revisions/rev_e3a1764_3f3b7c0/rev_e3a1764-3f3b7c0.revisions;721;302;0;302;2;419;419;0;0;0;0;0;21
/experiment_results/projects/async-http-client/revisions/rev_ba16cfc_d72b89e/rev_ba16cfc-d72b89e.revisions;723;304;0;304;2;419;419;0;0;0;0;0;21
/experiment_results/projects/async-http-client/revisions/rev_d8f9f64_5f7089e/rev_d8f9f64-5f7089e.revisions;752;304;0;304;2;448;417;0;31;0;0;0;21
