/home/ramdisk/experiment5/projects/elasticsearch/revisions/rev_2b94126_74d6411/rev_2b94126-74d6411.revisions;/home/ramdisk/experiment5/projects/elasticsearch/revisions/rev_2b94126_74d6411/rev_2b94126-74d6411/core/src/test/java/org/elasticsearch/index/query/plugin/DummyQueryParserPlugin.java;Pb(355) Duplicate method doReadFrom(StreamInput) in type DummyQueryParserPlugin.DummyQueryBuilder
/home/ramdisk/experiment5/projects/elasticsearch/revisions/rev_2b94126_74d6411/rev_2b94126-74d6411.revisions;/home/ramdisk/experiment5/projects/elasticsearch/revisions/rev_2b94126_74d6411/rev_2b94126-74d6411/core/src/test/java/org/elasticsearch/index/query/plugin/DummyQueryParserPlugin.java;Pb(355) Duplicate method doReadFrom(StreamInput) in type DummyQueryParserPlugin.DummyQueryBuilder
/home/ramdisk/experiment5/projects/elasticsearch/revisions/rev_2b94126_74d6411/rev_2b94126-74d6411.revisions;/home/ramdisk/experiment5/projects/elasticsearch/revisions/rev_2b94126_74d6411/rev_2b94126-74d6411/core/src/test/java/org/elasticsearch/index/query/plugin/DummyQueryParserPlugin.java;Pb(355) Duplicate method doWriteTo(StreamOutput) in type DummyQueryParserPlugin.DummyQueryBuilder
/home/ramdisk/experiment5/projects/elasticsearch/revisions/rev_2b94126_74d6411/rev_2b94126-74d6411.revisions;/home/ramdisk/experiment5/projects/elasticsearch/revisions/rev_2b94126_74d6411/rev_2b94126-74d6411/core/src/test/java/org/elasticsearch/index/query/plugin/DummyQueryParserPlugin.java;Pb(355) Duplicate method doWriteTo(StreamOutput) in type DummyQueryParserPlugin.DummyQueryBuilder
/home/ramdisk/experiment5/projects/elasticsearch/revisions/rev_2b94126_74d6411/rev_2b94126-74d6411.revisions;/home/ramdisk/experiment5/projects/elasticsearch/revisions/rev_2b94126_74d6411/rev_2b94126-74d6411/core/src/test/java/org/elasticsearch/index/query/plugin/DummyQueryParserPlugin.java;Pb(355) Duplicate method doEquals(DummyQueryParserPlugin.DummyQueryBuilder) in type DummyQueryParserPlugin.DummyQueryBuilder
/home/ramdisk/experiment5/projects/elasticsearch/revisions/rev_2b94126_74d6411/rev_2b94126-74d6411.revisions;/home/ramdisk/experiment5/projects/elasticsearch/revisions/rev_2b94126_74d6411/rev_2b94126-74d6411/core/src/test/java/org/elasticsearch/index/query/plugin/DummyQueryParserPlugin.java;Pb(355) Duplicate method doEquals(DummyQueryParserPlugin.DummyQueryBuilder) in type DummyQueryParserPlugin.DummyQueryBuilder
/home/ramdisk/experiment5/projects/elasticsearch/revisions/rev_a8382de_afcaa59/rev_a8382de-afcaa59.revisions;/home/ramdisk/experiment5/projects/elasticsearch/revisions/rev_a8382de_afcaa59/rev_a8382de-afcaa59/core/src/main/java/org/elasticsearch/action/index/IndexResponse.java;Pb(355) Duplicate method status() in type IndexResponse
/home/ramdisk/experiment5/projects/elasticsearch/revisions/rev_a8382de_afcaa59/rev_a8382de-afcaa59.revisions;/home/ramdisk/experiment5/projects/elasticsearch/revisions/rev_a8382de_afcaa59/rev_a8382de-afcaa59/core/src/main/java/org/elasticsearch/action/index/IndexResponse.java;Pb(355) Duplicate method status() in type IndexResponse
/home/ramdisk/experiment5/projects/elasticsearch/revisions/rev_a8382de_afcaa59/rev_a8382de-afcaa59.revisions;/home/ramdisk/experiment5/projects/elasticsearch/revisions/rev_a8382de_afcaa59/rev_a8382de-afcaa59/core/src/main/java/org/elasticsearch/action/index/IndexResponse.java;Pb(355) Duplicate method toXContent(XContentBuilder, ToXContent.Params) in type IndexResponse
/home/ramdisk/experiment5/projects/elasticsearch/revisions/rev_a8382de_afcaa59/rev_a8382de-afcaa59.revisions;/home/ramdisk/experiment5/projects/elasticsearch/revisions/rev_a8382de_afcaa59/rev_a8382de-afcaa59/core/src/main/java/org/elasticsearch/action/index/IndexResponse.java;Pb(355) Duplicate method toXContent(XContentBuilder, ToXContent.Params) in type IndexResponse
/home/ramdisk/experiment5/projects/elasticsearch/revisions/rev_04681ef_bbeb09e/rev_04681ef-bbeb09e.revisions;/home/ramdisk/experiment5/projects/elasticsearch/revisions/rev_04681ef_bbeb09e/rev_04681ef-bbeb09e/core/src/main/java/org/elasticsearch/search/suggest/phrase/PhraseSuggestParser.java;Pb(355) Duplicate method parse(XContentParser, QueryShardContext) in type PhraseSuggestParser
/home/ramdisk/experiment5/projects/elasticsearch/revisions/rev_04681ef_bbeb09e/rev_04681ef-bbeb09e.revisions;/home/ramdisk/experiment5/projects/elasticsearch/revisions/rev_04681ef_bbeb09e/rev_04681ef-bbeb09e/core/src/main/java/org/elasticsearch/search/suggest/phrase/PhraseSuggestParser.java;Pb(355) Duplicate method parse(XContentParser, QueryShardContext) in type PhraseSuggestParser
/home/ramdisk/experiment5/projects/elasticsearch/revisions/rev_04681ef_bbeb09e/rev_04681ef-bbeb09e.revisions;/home/ramdisk/experiment5/projects/elasticsearch/revisions/rev_04681ef_bbeb09e/rev_04681ef-bbeb09e/core/src/main/java/org/elasticsearch/search/suggest/term/TermSuggestParser.java;Pb(355) Duplicate method parse(XContentParser, QueryShardContext) in type TermSuggestParser
/home/ramdisk/experiment5/projects/elasticsearch/revisions/rev_04681ef_bbeb09e/rev_04681ef-bbeb09e.revisions;/home/ramdisk/experiment5/projects/elasticsearch/revisions/rev_04681ef_bbeb09e/rev_04681ef-bbeb09e/core/src/main/java/org/elasticsearch/search/suggest/term/TermSuggestParser.java;Pb(355) Duplicate method parse(XContentParser, QueryShardContext) in type TermSuggestParser
/home/ramdisk/experiment5/projects/elasticsearch/revisions/rev_c809671_85402d5/rev_c809671-85402d5.revisions;/home/ramdisk/experiment5/projects/elasticsearch/revisions/rev_c809671_85402d5/rev_c809671-85402d5/core/src/main/java/org/elasticsearch/index/mapper/ParsedDocument.java;Pb(340) Duplicate field ParsedDocument.id
/home/ramdisk/experiment5/projects/elasticsearch/revisions/rev_c809671_85402d5/rev_c809671-85402d5.revisions;/home/ramdisk/experiment5/projects/elasticsearch/revisions/rev_c809671_85402d5/rev_c809671-85402d5/core/src/main/java/org/elasticsearch/index/mapper/ParsedDocument.java;Pb(340) Duplicate field ParsedDocument.id
/home/ramdisk/experiment5/projects/elasticsearch/revisions/rev_c809671_85402d5/rev_c809671-85402d5.revisions;/home/ramdisk/experiment5/projects/elasticsearch/revisions/rev_c809671_85402d5/rev_c809671-85402d5/core/src/main/java/org/elasticsearch/index/mapper/ParsedDocument.java;Pb(340) Duplicate field ParsedDocument.type
/home/ramdisk/experiment5/projects/elasticsearch/revisions/rev_c809671_85402d5/rev_c809671-85402d5.revisions;/home/ramdisk/experiment5/projects/elasticsearch/revisions/rev_c809671_85402d5/rev_c809671-85402d5/core/src/main/java/org/elasticsearch/index/mapper/ParsedDocument.java;Pb(340) Duplicate field ParsedDocument.uid
/home/ramdisk/experiment5/projects/elasticsearch/revisions/rev_c809671_85402d5/rev_c809671-85402d5.revisions;/home/ramdisk/experiment5/projects/elasticsearch/revisions/rev_c809671_85402d5/rev_c809671-85402d5/core/src/main/java/org/elasticsearch/index/mapper/ParsedDocument.java;Pb(340) Duplicate field ParsedDocument.uid
/home/ramdisk/experiment5/projects/elasticsearch/revisions/rev_c809671_85402d5/rev_c809671-85402d5.revisions;/home/ramdisk/experiment5/projects/elasticsearch/revisions/rev_c809671_85402d5/rev_c809671-85402d5/core/src/main/java/org/elasticsearch/index/mapper/ParsedDocument.java;Pb(340) Duplicate field ParsedDocument.id
/home/ramdisk/experiment5/projects/elasticsearch/revisions/rev_c809671_85402d5/rev_c809671-85402d5.revisions;/home/ramdisk/experiment5/projects/elasticsearch/revisions/rev_c809671_85402d5/rev_c809671-85402d5/core/src/main/java/org/elasticsearch/index/mapper/ParsedDocument.java;Pb(340) Duplicate field ParsedDocument.type
/home/ramdisk/experiment5/projects/elasticsearch/revisions/rev_c809671_85402d5/rev_c809671-85402d5.revisions;/home/ramdisk/experiment5/projects/elasticsearch/revisions/rev_c809671_85402d5/rev_c809671-85402d5/core/src/main/java/org/elasticsearch/index/mapper/ParsedDocument.java;Pb(340) Duplicate field ParsedDocument.uid
/home/ramdisk/experiment5/projects/elasticsearch/revisions/rev_c809671_85402d5/rev_c809671-85402d5.revisions;/home/ramdisk/experiment5/projects/elasticsearch/revisions/rev_c809671_85402d5/rev_c809671-85402d5/core/src/main/java/org/elasticsearch/index/mapper/ParsedDocument.java;Pb(340) Duplicate field ParsedDocument.type
/home/ramdisk/experiment5/projects/elasticsearch/revisions/rev_ce6f6d3_6174e21/rev_ce6f6d3-6174e21.revisions;/home/ramdisk/experiment5/projects/elasticsearch/revisions/rev_ce6f6d3_6174e21/rev_ce6f6d3-6174e21/core/src/main/java/org/elasticsearch/search/aggregations/metrics/tophits/TopHitsAggregatorFactory.java;Pb(355) Duplicate method TopHitsAggregatorFactory(String, InternalAggregation.Type, int, int, boolean, boolean, boolean, List<SortBuilder<?>>, HighlightBuilder, StoredFieldsContext, List<String>, List<ScriptFieldsContext.ScriptField>, FetchSourceContext, AggregationContext, AggregatorFactory<?>, AggregatorFactories.Builder, Map<String,Object>) in type TopHitsAggregatorFactory
/home/ramdisk/experiment5/projects/elasticsearch/revisions/rev_ce6f6d3_6174e21/rev_ce6f6d3-6174e21.revisions;/home/ramdisk/experiment5/projects/elasticsearch/revisions/rev_ce6f6d3_6174e21/rev_ce6f6d3-6174e21/core/src/main/java/org/elasticsearch/search/aggregations/metrics/tophits/TopHitsAggregatorFactory.java;Pb(355) Duplicate method TopHitsAggregatorFactory(String, InternalAggregation.Type, int, int, boolean, boolean, boolean, List<SortBuilder<?>>, HighlightBuilder, StoredFieldsContext, List<String>, List<ScriptFieldsContext.ScriptField>, FetchSourceContext, AggregationContext, AggregatorFactory<?>, AggregatorFactories.Builder, Map<String,Object>) in type TopHitsAggregatorFactory
